/*
INSERT INTO BROKER_MASTER (BROKER_NAME) VALUES ('Edelweiss');

INSERT INTO USERS (USER_EMAIL, FIRST_NAME, LAST_NAME) VALUES ('prakashharisharma@gmail.com','Prakash Hari','Sharma');
INSERT INTO USERS (USER_EMAIL, FIRST_NAME, LAST_NAME) VALUES ('ritusharma2402@gmail.com','Ritu','Sharma');


INSERT INTO SECTORS(SECTOR_NAME, SECTOR_PE, SECTOR_PB) VALUES ('SERVICES',21,5);
INSERT INTO SECTORS(SECTOR_NAME, SECTOR_PE, SECTOR_PB) VALUES ('IT',20,5);
INSERT INTO SECTORS(SECTOR_NAME, SECTOR_PE, SECTOR_PB) VALUES ('INDUSTRIAL MANUFACTURING',45,3);
INSERT INTO SECTORS(SECTOR_NAME, SECTOR_PE, SECTOR_PB) VALUES ('CEMENT & CEMENT PRODUCTS',30,3);
INSERT INTO SECTORS(SECTOR_NAME, SECTOR_PE, SECTOR_PB) VALUES ('METALS',17,3);
INSERT INTO SECTORS(SECTOR_NAME, SECTOR_PE, SECTOR_PB) VALUES ('FINANCIAL SERVICES',10,2);
INSERT INTO SECTORS(SECTOR_NAME, SECTOR_PE, SECTOR_PB) VALUES ('CHEMICALS',9,3);
INSERT INTO SECTORS(SECTOR_NAME, SECTOR_PE, SECTOR_PB) VALUES ('ENERGY',11,3);
INSERT INTO SECTORS(SECTOR_NAME, SECTOR_PE, SECTOR_PB) VALUES ('CONSUMER GOODS',30,3);
INSERT INTO SECTORS(SECTOR_NAME, SECTOR_PE, SECTOR_PB) VALUES ('PHARMA',28,5);
INSERT INTO SECTORS(SECTOR_NAME, SECTOR_PE, SECTOR_PB) VALUES ('AUTOMOBILE',25,3);
INSERT INTO SECTORS(SECTOR_NAME, SECTOR_PE, SECTOR_PB) VALUES ('HEALTHCARE SERVICES',40,3);
INSERT INTO SECTORS(SECTOR_NAME, SECTOR_PE, SECTOR_PB) VALUES ('CONSTRUCTION',20,2);
INSERT INTO SECTORS(SECTOR_NAME, SECTOR_PE, SECTOR_PB) VALUES ('TELECOM',21,3);
INSERT INTO SECTORS(SECTOR_NAME, SECTOR_PE, SECTOR_PB) VALUES ('TEXTILES',28,3);
INSERT INTO SECTORS(SECTOR_NAME, SECTOR_PE, SECTOR_PB) VALUES ('FERTILISERS & PESTICIDES',11,3);
INSERT INTO SECTORS(SECTOR_NAME, SECTOR_PE, SECTOR_PB) VALUES ('MEDIA & ENTERTAINMENT',11,2);
INSERT INTO SECTORS(SECTOR_NAME, SECTOR_PE, SECTOR_PB) VALUES ('PAPER',13,3);



INSERT INTO SECTORS(SECTOR_NAME, SECTOR_PE, SECTOR_PB) VALUES ('', ,)
INSERT INTO STOCK_MASTER(ISIN_CODE,COMPANY_NAME,NSE_SYMBOL, BSE_CODE,SECTOR, IS_ACTIVE) VALUES ('INE470A01017','3M India Ltd.','3MINDIA','523395','SERVICES',1);
INSERT INTO STOCK_MASTER(ISIN_CODE,COMPANY_NAME,NSE_SYMBOL, BSE_CODE,SECTOR, IS_ACTIVE) VALUES ('INE650K01021','8K Miles Soft Services Ltd.','8KMILES','512161','IT',1);
INSERT INTO STOCK_MASTER(ISIN_CODE,COMPANY_NAME,NSE_SYMBOL, BSE_CODE,SECTOR, IS_ACTIVE) VALUES ('INE117A01022','ABB India Ltd.','ABB','500002','INDUSTRIAL MANUFACTURING',1);
INSERT INTO STOCK_MASTER(ISIN_CODE,COMPANY_NAME,NSE_SYMBOL, BSE_CODE,SECTOR, IS_ACTIVE) VALUES ('INE012A01025','ACC Ltd.','ACC','500410','CEMENT & CEMENT PRODUCTS',1);
INSERT INTO STOCK_MASTER(ISIN_CODE,COMPANY_NAME,NSE_SYMBOL, BSE_CODE,SECTOR, IS_ACTIVE) VALUES ('INE212H01026','AIA Engineering Ltd.','AIAENG','532683','INDUSTRIAL MANUFACTURING',1);
INSERT INTO STOCK_MASTER(ISIN_CODE,COMPANY_NAME,NSE_SYMBOL, BSE_CODE,SECTOR, IS_ACTIVE) VALUES ('INE702C01019','APL Apollo Tubes Ltd.','APLAPOLLO','533758','METALS',1);
INSERT INTO STOCK_MASTER(ISIN_CODE,COMPANY_NAME,NSE_SYMBOL, BSE_CODE,SECTOR, IS_ACTIVE) VALUES ('INE949L01017','AU Small Finance Bank Ltd.','AUBANK','540611','FINANCIAL SERVICES',1);
INSERT INTO STOCK_MASTER(ISIN_CODE,COMPANY_NAME,NSE_SYMBOL, BSE_CODE,SECTOR, IS_ACTIVE) VALUES ('INE769A01020','Aarti Industries Ltd.','AARTIIND','524208','CHEMICALS',1);
INSERT INTO STOCK_MASTER(ISIN_CODE,COMPANY_NAME,NSE_SYMBOL, BSE_CODE,SECTOR, IS_ACTIVE) VALUES ('INE742F01042','Adani Ports and Special Economic Zone Ltd.','ADANIPORTS','532921','SERVICES',1);
INSERT INTO STOCK_MASTER(ISIN_CODE,COMPANY_NAME,NSE_SYMBOL, BSE_CODE,SECTOR, IS_ACTIVE) VALUES ('INE814H01011','Adani Power Ltd.','ADANIPOWER','533096','ENERGY',1);
INSERT INTO STOCK_MASTER(ISIN_CODE,COMPANY_NAME,NSE_SYMBOL, BSE_CODE,SECTOR, IS_ACTIVE) VALUES ('INE931S01010','Adani Transmission Ltd.','ADANITRANS','539254','ENERGY',1);
INSERT INTO STOCK_MASTER(ISIN_CODE,COMPANY_NAME,NSE_SYMBOL, BSE_CODE,SECTOR, IS_ACTIVE) VALUES ('INE674K01013','Aditya Birla Capital Ltd.','ABCAPITAL','540691','FINANCIAL SERVICES',1);
INSERT INTO STOCK_MASTER(ISIN_CODE,COMPANY_NAME,NSE_SYMBOL, BSE_CODE,SECTOR, IS_ACTIVE) VALUES ('INE647O01011','Aditya Birla Fashion and Retail Ltd.','ABFRL','535755','CONSUMER GOODS',1);
INSERT INTO STOCK_MASTER(ISIN_CODE,COMPANY_NAME,NSE_SYMBOL, BSE_CODE,SECTOR, IS_ACTIVE) VALUES ('INE837H01020','Advanced Enzyme Tech Ltd.','ADVENZYMES','540025','CONSUMER GOODS',1);
INSERT INTO STOCK_MASTER(ISIN_CODE,COMPANY_NAME,NSE_SYMBOL, BSE_CODE,SECTOR, IS_ACTIVE) VALUES ('INE208C01025','Aegis Logistics Ltd.','AEGISCHEM','500003','ENERGY',1);
INSERT INTO STOCK_MASTER(ISIN_CODE,COMPANY_NAME,NSE_SYMBOL, BSE_CODE,SECTOR, IS_ACTIVE) VALUES ('INE031B01049','Ajanta Pharmaceuticals Ltd.','AJANTPHARM','532331','PHARMA',1);
INSERT INTO STOCK_MASTER(ISIN_CODE,COMPANY_NAME,NSE_SYMBOL, BSE_CODE,SECTOR, IS_ACTIVE) VALUES ('INE133A01011','Akzo Nobel India Ltd.','AKZOINDIA','500710','CONSUMER GOODS',1);
INSERT INTO STOCK_MASTER(ISIN_CODE,COMPANY_NAME,NSE_SYMBOL, BSE_CODE,SECTOR, IS_ACTIVE) VALUES ('INE901L01018','Alembic Pharmaceuticals Ltd.','APLLTD','533573','PHARMA',1);
INSERT INTO STOCK_MASTER(ISIN_CODE,COMPANY_NAME,NSE_SYMBOL, BSE_CODE,SECTOR, IS_ACTIVE) VALUES ('INE540L01014','Alkem Laboratories Ltd.','ALKEM','539523','PHARMA',1);
INSERT INTO STOCK_MASTER(ISIN_CODE,COMPANY_NAME,NSE_SYMBOL, BSE_CODE,SECTOR, IS_ACTIVE) VALUES ('INE428A01015','Allahabad Bank','ALBK','532480','FINANCIAL SERVICES',1);
INSERT INTO STOCK_MASTER(ISIN_CODE,COMPANY_NAME,NSE_SYMBOL, BSE_CODE,SECTOR, IS_ACTIVE) VALUES ('INE418H01029','Allcargo Logistics Ltd.','ALLCARGO','532749','SERVICES',1);
INSERT INTO STOCK_MASTER(ISIN_CODE,COMPANY_NAME,NSE_SYMBOL, BSE_CODE,SECTOR, IS_ACTIVE) VALUES ('INE885A01032','Amara Raja Batteries Ltd.','AMARAJABAT','500008','AUTOMOBILE',1);
INSERT INTO STOCK_MASTER(ISIN_CODE,COMPANY_NAME,NSE_SYMBOL, BSE_CODE,SECTOR, IS_ACTIVE) VALUES ('INE079A01024','Ambuja Cements Ltd.','AMBUJACEM','500425','CEMENT & CEMENT PRODUCTS',1);
INSERT INTO STOCK_MASTER(ISIN_CODE,COMPANY_NAME,NSE_SYMBOL, BSE_CODE,SECTOR, IS_ACTIVE) VALUES ('INE434A01013','Andhra Bank','ANDHRABANK','532418','FINANCIAL SERVICES',1);
INSERT INTO STOCK_MASTER(ISIN_CODE,COMPANY_NAME,NSE_SYMBOL, BSE_CODE,SECTOR, IS_ACTIVE) VALUES ('INE437A01024','Apollo Hospitals Enterprise Ltd.','APOLLOHOSP','508869','HEALTHCARE SERVICES',1);
INSERT INTO STOCK_MASTER(ISIN_CODE,COMPANY_NAME,NSE_SYMBOL, BSE_CODE,SECTOR, IS_ACTIVE) VALUES ('INE438A01022','Apollo Tyres Ltd.','APOLLOTYRE','500877','AUTOMOBILE',1);
INSERT INTO STOCK_MASTER(ISIN_CODE,COMPANY_NAME,NSE_SYMBOL, BSE_CODE,SECTOR, IS_ACTIVE) VALUES ('INE208A01029','Ashok Leyland Ltd.','ASHOKLEY','500477','AUTOMOBILE',1);
INSERT INTO STOCK_MASTER(ISIN_CODE,COMPANY_NAME,NSE_SYMBOL, BSE_CODE,SECTOR, IS_ACTIVE) VALUES ('INE442H01029','Ashoka Buildcon Ltd.','ASHOKA','533271','CONSTRUCTION',1);
INSERT INTO STOCK_MASTER(ISIN_CODE,COMPANY_NAME,NSE_SYMBOL, BSE_CODE,SECTOR, IS_ACTIVE) VALUES ('INE021A01026','Asian Paints Ltd.','ASIANPAINT','500820','CONSUMER GOODS',1);
INSERT INTO STOCK_MASTER(ISIN_CODE,COMPANY_NAME,NSE_SYMBOL, BSE_CODE,SECTOR, IS_ACTIVE) VALUES ('INE914M01019','Aster DM Healthcare Ltd.','ASTERDM','540975','HEALTHCARE SERVICES',1);
INSERT INTO STOCK_MASTER(ISIN_CODE,COMPANY_NAME,NSE_SYMBOL, BSE_CODE,SECTOR, IS_ACTIVE) VALUES ('INE006I01046','Astral Poly Technik Ltd.','ASTRAL','532830','INDUSTRIAL MANUFACTURING',1);
INSERT INTO STOCK_MASTER(ISIN_CODE,COMPANY_NAME,NSE_SYMBOL, BSE_CODE,SECTOR, IS_ACTIVE) VALUES ('INE100A01010','Atul Ltd.','ATUL','500027','CHEMICALS',1);
INSERT INTO STOCK_MASTER(ISIN_CODE,COMPANY_NAME,NSE_SYMBOL, BSE_CODE,SECTOR, IS_ACTIVE) VALUES ('INE406A01037','Aurobindo Pharma Ltd.','AUROPHARMA','524804','PHARMA',1);
INSERT INTO STOCK_MASTER(ISIN_CODE,COMPANY_NAME,NSE_SYMBOL, BSE_CODE,SECTOR, IS_ACTIVE) VALUES ('INE871C01038','Avanti Feeds Ltd.','AVANTIFEED','512573','CONSUMER GOODS',1);
INSERT INTO STOCK_MASTER(ISIN_CODE,COMPANY_NAME,NSE_SYMBOL, BSE_CODE,SECTOR, IS_ACTIVE) VALUES ('INE192R01011','Avenue Supermarts Ltd.','DMART','540376','CONSUMER GOODS',1);
INSERT INTO STOCK_MASTER(ISIN_CODE,COMPANY_NAME,NSE_SYMBOL, BSE_CODE,SECTOR, IS_ACTIVE) VALUES ('INE238A01034','Axis Bank Ltd.','AXISBANK','532215','FINANCIAL SERVICES',1);
INSERT INTO STOCK_MASTER(ISIN_CODE,COMPANY_NAME,NSE_SYMBOL, BSE_CODE,SECTOR, IS_ACTIVE) VALUES ('INE373A01013','BASF India Ltd.','BASF','500042','CHEMICALS',1);
INSERT INTO STOCK_MASTER(ISIN_CODE,COMPANY_NAME,NSE_SYMBOL, BSE_CODE,SECTOR, IS_ACTIVE) VALUES ('INE258A01016','BEML Ltd.','BEML','500048','INDUSTRIAL MANUFACTURING',1);
INSERT INTO STOCK_MASTER(ISIN_CODE,COMPANY_NAME,NSE_SYMBOL, BSE_CODE,SECTOR, IS_ACTIVE) VALUES ('INE118H01025','BSE Ltd.','BSE','0','FINANCIAL SERVICES',1);
INSERT INTO STOCK_MASTER(ISIN_CODE,COMPANY_NAME,NSE_SYMBOL, BSE_CODE,SECTOR, IS_ACTIVE) VALUES ('INE917I01010','Bajaj Auto Ltd.','BAJAJ-AUTO','532977','AUTOMOBILE',1);
INSERT INTO STOCK_MASTER(ISIN_CODE,COMPANY_NAME,NSE_SYMBOL, BSE_CODE,SECTOR, IS_ACTIVE) VALUES ('INE933K01021','Bajaj Corp Ltd.','BAJAJCORP','533229','CONSUMER GOODS',1);
INSERT INTO STOCK_MASTER(ISIN_CODE,COMPANY_NAME,NSE_SYMBOL, BSE_CODE,SECTOR, IS_ACTIVE) VALUES ('INE193E01025','Bajaj Electricals Ltd','BAJAJELEC','500031','CONSUMER GOODS',1);
INSERT INTO STOCK_MASTER(ISIN_CODE,COMPANY_NAME,NSE_SYMBOL, BSE_CODE,SECTOR, IS_ACTIVE) VALUES ('INE296A01024','Bajaj Finance Ltd.','BAJFINANCE','500034','FINANCIAL SERVICES',1);
INSERT INTO STOCK_MASTER(ISIN_CODE,COMPANY_NAME,NSE_SYMBOL, BSE_CODE,SECTOR, IS_ACTIVE) VALUES ('INE918I01018','Bajaj Finserv Ltd.','BAJAJFINSV','532978','FINANCIAL SERVICES',1);
INSERT INTO STOCK_MASTER(ISIN_CODE,COMPANY_NAME,NSE_SYMBOL, BSE_CODE,SECTOR, IS_ACTIVE) VALUES ('INE118A01012','Bajaj Holdings & Investment Ltd.','BAJAJHLDNG','500490','FINANCIAL SERVICES',1);
INSERT INTO STOCK_MASTER(ISIN_CODE,COMPANY_NAME,NSE_SYMBOL, BSE_CODE,SECTOR, IS_ACTIVE) VALUES ('INE787D01026','Balkrishna Industries Ltd.','BALKRISIND','502355','AUTOMOBILE',1);
INSERT INTO STOCK_MASTER(ISIN_CODE,COMPANY_NAME,NSE_SYMBOL, BSE_CODE,SECTOR, IS_ACTIVE) VALUES ('INE164A01016','Balmer Lawrie & Co. Ltd.','BALMLAWRIE','523319','SERVICES',1);
INSERT INTO STOCK_MASTER(ISIN_CODE,COMPANY_NAME,NSE_SYMBOL, BSE_CODE,SECTOR, IS_ACTIVE) VALUES ('INE119A01028','Balrampur Chini Mills Ltd.','BALRAMCHIN','500038','CONSUMER GOODS',1);
INSERT INTO STOCK_MASTER(ISIN_CODE,COMPANY_NAME,NSE_SYMBOL, BSE_CODE,SECTOR, IS_ACTIVE) VALUES ('INE545U01014','Bandhan Bank Ltd.','BANDHANBNK','541153','FINANCIAL SERVICES',1);
INSERT INTO STOCK_MASTER(ISIN_CODE,COMPANY_NAME,NSE_SYMBOL, BSE_CODE,SECTOR, IS_ACTIVE) VALUES ('INE028A01039','Bank of Baroda','BANKBARODA','532134','FINANCIAL SERVICES',1);
INSERT INTO STOCK_MASTER(ISIN_CODE,COMPANY_NAME,NSE_SYMBOL, BSE_CODE,SECTOR, IS_ACTIVE) VALUES ('INE084A01016','Bank of India','BANKINDIA','532149','FINANCIAL SERVICES',1);
INSERT INTO STOCK_MASTER(ISIN_CODE,COMPANY_NAME,NSE_SYMBOL, BSE_CODE,SECTOR, IS_ACTIVE) VALUES ('INE176A01028','Bata India Ltd.','BATAINDIA','500043','CONSUMER GOODS',1);
INSERT INTO STOCK_MASTER(ISIN_CODE,COMPANY_NAME,NSE_SYMBOL, BSE_CODE,SECTOR, IS_ACTIVE) VALUES ('INE463A01038','Berger Paints India Ltd.','BERGEPAINT','509480','CONSUMER GOODS',1);
INSERT INTO STOCK_MASTER(ISIN_CODE,COMPANY_NAME,NSE_SYMBOL, BSE_CODE,SECTOR, IS_ACTIVE) VALUES ('INE171Z01018','Bharat Dynamics Ltd.','BDL','541143','INDUSTRIAL MANUFACTURING',1);
INSERT INTO STOCK_MASTER(ISIN_CODE,COMPANY_NAME,NSE_SYMBOL, BSE_CODE,SECTOR, IS_ACTIVE) VALUES ('INE263A01024','Bharat Electronics Ltd.','BEL','500049','INDUSTRIAL MANUFACTURING',1);
INSERT INTO STOCK_MASTER(ISIN_CODE,COMPANY_NAME,NSE_SYMBOL, BSE_CODE,SECTOR, IS_ACTIVE) VALUES ('INE180K01011','Bharat Financial Inclusion Ltd.','BHARATFIN','533228','FINANCIAL SERVICES',1);
INSERT INTO STOCK_MASTER(ISIN_CODE,COMPANY_NAME,NSE_SYMBOL, BSE_CODE,SECTOR, IS_ACTIVE) VALUES ('INE465A01025','Bharat Forge Ltd.','BHARATFORG','500493','INDUSTRIAL MANUFACTURING',1);
INSERT INTO STOCK_MASTER(ISIN_CODE,COMPANY_NAME,NSE_SYMBOL, BSE_CODE,SECTOR, IS_ACTIVE) VALUES ('INE257A01026','Bharat Heavy Electricals Ltd.','BHEL','500103','INDUSTRIAL MANUFACTURING',1);
INSERT INTO STOCK_MASTER(ISIN_CODE,COMPANY_NAME,NSE_SYMBOL, BSE_CODE,SECTOR, IS_ACTIVE) VALUES ('INE029A01011','Bharat Petroleum Corporation Ltd.','BPCL','500547','ENERGY',1);
INSERT INTO STOCK_MASTER(ISIN_CODE,COMPANY_NAME,NSE_SYMBOL, BSE_CODE,SECTOR, IS_ACTIVE) VALUES ('INE397D01024','Bharti Airtel Ltd.','BHARTIARTL','532454','TELECOM',1);
INSERT INTO STOCK_MASTER(ISIN_CODE,COMPANY_NAME,NSE_SYMBOL, BSE_CODE,SECTOR, IS_ACTIVE) VALUES ('INE121J01017','Bharti Infratel Ltd.','INFRATEL','534816','TELECOM',1);
INSERT INTO STOCK_MASTER(ISIN_CODE,COMPANY_NAME,NSE_SYMBOL, BSE_CODE,SECTOR, IS_ACTIVE) VALUES ('INE376G01013','Biocon Ltd.','BIOCON','532523','PHARMA',1);
INSERT INTO STOCK_MASTER(ISIN_CODE,COMPANY_NAME,NSE_SYMBOL, BSE_CODE,SECTOR, IS_ACTIVE) VALUES ('INE340A01012','Birla Corporation Ltd.','BIRLACORPN','500335','CEMENT & CEMENT PRODUCTS',1);
INSERT INTO STOCK_MASTER(ISIN_CODE,COMPANY_NAME,NSE_SYMBOL, BSE_CODE,SECTOR, IS_ACTIVE) VALUES ('INE416D01022','Bliss GVS Pharma Ltd.','BLISSGVS','506197','PHARMA',1);
INSERT INTO STOCK_MASTER(ISIN_CODE,COMPANY_NAME,NSE_SYMBOL, BSE_CODE,SECTOR, IS_ACTIVE) VALUES ('INE233B01017','Blue Dart Express Ltd.','BLUEDART','526612','SERVICES',1);
INSERT INTO STOCK_MASTER(ISIN_CODE,COMPANY_NAME,NSE_SYMBOL, BSE_CODE,SECTOR, IS_ACTIVE) VALUES ('INE472A01039','Blue Star Ltd.','BLUESTARCO','500067','CONSUMER GOODS',1);
INSERT INTO STOCK_MASTER(ISIN_CODE,COMPANY_NAME,NSE_SYMBOL, BSE_CODE,SECTOR, IS_ACTIVE) VALUES ('INE050A01025','Bombay Burmah Trading Corporation Ltd.','BBTC','501425','CONSUMER GOODS',1);
INSERT INTO STOCK_MASTER(ISIN_CODE,COMPANY_NAME,NSE_SYMBOL, BSE_CODE,SECTOR, IS_ACTIVE) VALUES ('INE032A01023','Bombay Dyeing & Manufacturing Co. Ltd.','BOMDYEING','500020','TEXTILES',1);
INSERT INTO STOCK_MASTER(ISIN_CODE,COMPANY_NAME,NSE_SYMBOL, BSE_CODE,SECTOR, IS_ACTIVE) VALUES ('INE323A01026','Bosch Ltd.','BOSCHLTD','500530','AUTOMOBILE',1);
INSERT INTO STOCK_MASTER(ISIN_CODE,COMPANY_NAME,NSE_SYMBOL, BSE_CODE,SECTOR, IS_ACTIVE) VALUES ('INE791I01019','Brigade Enterprises Ltd.','BRIGADE','532929','CONSTRUCTION',1);
INSERT INTO STOCK_MASTER(ISIN_CODE,COMPANY_NAME,NSE_SYMBOL, BSE_CODE,SECTOR, IS_ACTIVE) VALUES ('INE216A01022','Britannia Industries Ltd.','BRITANNIA','500825','CONSUMER GOODS',1);
INSERT INTO STOCK_MASTER(ISIN_CODE,COMPANY_NAME,NSE_SYMBOL, BSE_CODE,SECTOR, IS_ACTIVE) VALUES ('INE752H01013','CARE Ratings Ltd.','CARERATING','534804','FINANCIAL SERVICES',1);
INSERT INTO STOCK_MASTER(ISIN_CODE,COMPANY_NAME,NSE_SYMBOL, BSE_CODE,SECTOR, IS_ACTIVE) VALUES ('INE421D01022','CCL Products (I) Ltd.','CCL','519600','CONSUMER GOODS',1);
INSERT INTO STOCK_MASTER(ISIN_CODE,COMPANY_NAME,NSE_SYMBOL, BSE_CODE,SECTOR, IS_ACTIVE) VALUES ('INE067A01029','CG Power and Industrial Solutions Ltd.','CGPOWER','500093','INDUSTRIAL MANUFACTURING',1);
INSERT INTO STOCK_MASTER(ISIN_CODE,COMPANY_NAME,NSE_SYMBOL, BSE_CODE,SECTOR, IS_ACTIVE) VALUES ('INE007A01025','CRISIL Ltd.','CRISIL','500092','FINANCIAL SERVICES',1);
INSERT INTO STOCK_MASTER(ISIN_CODE,COMPANY_NAME,NSE_SYMBOL, BSE_CODE,SECTOR, IS_ACTIVE) VALUES ('INE010B01027','Cadila Healthcare Ltd.','CADILAHC','532321','PHARMA',1);
INSERT INTO STOCK_MASTER(ISIN_CODE,COMPANY_NAME,NSE_SYMBOL, BSE_CODE,SECTOR, IS_ACTIVE) VALUES ('INE477A01020','Can Fin Homes Ltd.','CANFINHOME','511196','FINANCIAL SERVICES',1);
INSERT INTO STOCK_MASTER(ISIN_CODE,COMPANY_NAME,NSE_SYMBOL, BSE_CODE,SECTOR, IS_ACTIVE) VALUES ('INE476A01014','Canara Bank','CANBK','532483','FINANCIAL SERVICES',1);
INSERT INTO STOCK_MASTER(ISIN_CODE,COMPANY_NAME,NSE_SYMBOL, BSE_CODE,SECTOR, IS_ACTIVE) VALUES ('INE688I01017','Capital First Ltd.','CAPF','532938','FINANCIAL SERVICES',1);
INSERT INTO STOCK_MASTER(ISIN_CODE,COMPANY_NAME,NSE_SYMBOL, BSE_CODE,SECTOR, IS_ACTIVE) VALUES ('INE475E01026','Caplin Point Laboratories Ltd.','CAPLIPOINT','524742','PHARMA',1);
INSERT INTO STOCK_MASTER(ISIN_CODE,COMPANY_NAME,NSE_SYMBOL, BSE_CODE,SECTOR, IS_ACTIVE) VALUES ('INE120A01034','Carborundum Universal Ltd.','CARBORUNIV','513375','INDUSTRIAL MANUFACTURING',1);
INSERT INTO STOCK_MASTER(ISIN_CODE,COMPANY_NAME,NSE_SYMBOL, BSE_CODE,SECTOR, IS_ACTIVE) VALUES ('INE172A01027','Castrol India Ltd.','CASTROLIND','500870','ENERGY',1);
INSERT INTO STOCK_MASTER(ISIN_CODE,COMPANY_NAME,NSE_SYMBOL, BSE_CODE,SECTOR, IS_ACTIVE) VALUES ('INE482A01020','Ceat Ltd.','CEATLTD','500878','AUTOMOBILE',1);
INSERT INTO STOCK_MASTER(ISIN_CODE,COMPANY_NAME,NSE_SYMBOL, BSE_CODE,SECTOR, IS_ACTIVE) VALUES ('INE483A01010','Central Bank of India','CENTRALBK','532885','FINANCIAL SERVICES',1);
INSERT INTO STOCK_MASTER(ISIN_CODE,COMPANY_NAME,NSE_SYMBOL, BSE_CODE,SECTOR, IS_ACTIVE) VALUES ('INE736A01011','Central Depository Services (India) Ltd.','CDSL','0','FINANCIAL SERVICES',1);
INSERT INTO STOCK_MASTER(ISIN_CODE,COMPANY_NAME,NSE_SYMBOL, BSE_CODE,SECTOR, IS_ACTIVE) VALUES ('INE348B01021','Century Plyboards (India) Ltd.','CENTURYPLY','532548','CONSUMER GOODS',1);
INSERT INTO STOCK_MASTER(ISIN_CODE,COMPANY_NAME,NSE_SYMBOL, BSE_CODE,SECTOR, IS_ACTIVE) VALUES ('INE055A01016','Century Textile & Industries Ltd.','CENTURYTEX','500040','CEMENT & CEMENT PRODUCTS',1);
INSERT INTO STOCK_MASTER(ISIN_CODE,COMPANY_NAME,NSE_SYMBOL, BSE_CODE,SECTOR, IS_ACTIVE) VALUES ('INE739E01017','Cera Sanitaryware Ltd','CERA','532443','CONSTRUCTION',1);
INSERT INTO STOCK_MASTER(ISIN_CODE,COMPANY_NAME,NSE_SYMBOL, BSE_CODE,SECTOR, IS_ACTIVE) VALUES ('INE085A01013','Chambal Fertilizers & Chemicals Ltd.','CHAMBLFERT','500085','FERTILISERS & PESTICIDES',1);
INSERT INTO STOCK_MASTER(ISIN_CODE,COMPANY_NAME,NSE_SYMBOL, BSE_CODE,SECTOR, IS_ACTIVE) VALUES ('INE178A01016','Chennai Petroleum Corporation Ltd.','CHENNPETRO','500110','ENERGY',1);
INSERT INTO STOCK_MASTER(ISIN_CODE,COMPANY_NAME,NSE_SYMBOL, BSE_CODE,SECTOR, IS_ACTIVE) VALUES ('INE121A01016','Cholamandalam Investment and Finance Company Ltd.','CHOLAFIN','511243','FINANCIAL SERVICES',1);
INSERT INTO STOCK_MASTER(ISIN_CODE,COMPANY_NAME,NSE_SYMBOL, BSE_CODE,SECTOR, IS_ACTIVE) VALUES ('INE059A01026','Cipla Ltd.','CIPLA','500087','PHARMA',1);
INSERT INTO STOCK_MASTER(ISIN_CODE,COMPANY_NAME,NSE_SYMBOL, BSE_CODE,SECTOR, IS_ACTIVE) VALUES ('INE491A01021','City Union Bank Ltd.','CUB','532210','FINANCIAL SERVICES',1);
INSERT INTO STOCK_MASTER(ISIN_CODE,COMPANY_NAME,NSE_SYMBOL, BSE_CODE,SECTOR, IS_ACTIVE) VALUES ('INE522F01014','Coal India Ltd.','COALINDIA','533278','METALS',1);
INSERT INTO STOCK_MASTER(ISIN_CODE,COMPANY_NAME,NSE_SYMBOL, BSE_CODE,SECTOR, IS_ACTIVE) VALUES ('INE704P01017','Cochin Shipyard Ltd.','COCHINSHIP','540678','INDUSTRIAL MANUFACTURING',1);
INSERT INTO STOCK_MASTER(ISIN_CODE,COMPANY_NAME,NSE_SYMBOL, BSE_CODE,SECTOR, IS_ACTIVE) VALUES ('INE335K01011','Coffee Day Enterprises Ltd.','COFFEEDAY','539436','CONSUMER GOODS',1);
INSERT INTO STOCK_MASTER(ISIN_CODE,COMPANY_NAME,NSE_SYMBOL, BSE_CODE,SECTOR, IS_ACTIVE) VALUES ('INE259A01022','Colgate Palmolive (India) Ltd.','COLPAL','500830','CONSUMER GOODS',1);
INSERT INTO STOCK_MASTER(ISIN_CODE,COMPANY_NAME,NSE_SYMBOL, BSE_CODE,SECTOR, IS_ACTIVE) VALUES ('INE111A01025','Container Corporation of India Ltd.','CONCOR','531344','SERVICES',1);
INSERT INTO STOCK_MASTER(ISIN_CODE,COMPANY_NAME,NSE_SYMBOL, BSE_CODE,SECTOR, IS_ACTIVE) VALUES ('INE169A01031','Coromandel International Ltd.','COROMANDEL','506395','FERTILISERS & PESTICIDES',1);
INSERT INTO STOCK_MASTER(ISIN_CODE,COMPANY_NAME,NSE_SYMBOL, BSE_CODE,SECTOR, IS_ACTIVE) VALUES ('INE299U01018','Crompton Greaves Consumer Electricals Ltd.','CROMPTON','539876','CONSUMER GOODS',1);
INSERT INTO STOCK_MASTER(ISIN_CODE,COMPANY_NAME,NSE_SYMBOL, BSE_CODE,SECTOR, IS_ACTIVE) VALUES ('INE298A01020','Cummins India Ltd.','CUMMINSIND','500480','INDUSTRIAL MANUFACTURING',1);
INSERT INTO STOCK_MASTER(ISIN_CODE,COMPANY_NAME,NSE_SYMBOL, BSE_CODE,SECTOR, IS_ACTIVE) VALUES ('INE136B01020','Cyient Ltd.','CYIENT','532175','IT',1);
INSERT INTO STOCK_MASTER(ISIN_CODE,COMPANY_NAME,NSE_SYMBOL, BSE_CODE,SECTOR, IS_ACTIVE) VALUES ('INE950I01011','D.B.Corp Ltd.','DBCORP','533151','MEDIA & ENTERTAINMENT',1);
INSERT INTO STOCK_MASTER(ISIN_CODE,COMPANY_NAME,NSE_SYMBOL, BSE_CODE,SECTOR, IS_ACTIVE) VALUES ('INE503A01015','DCB Bank Ltd.','DCBBANK','532772','FINANCIAL SERVICES',1);
INSERT INTO STOCK_MASTER(ISIN_CODE,COMPANY_NAME,NSE_SYMBOL, BSE_CODE,SECTOR, IS_ACTIVE) VALUES ('INE499A01024','DCM Shriram Ltd.','DCMSHRIRAM','523367','CONSUMER GOODS',1);
INSERT INTO STOCK_MASTER(ISIN_CODE,COMPANY_NAME,NSE_SYMBOL, BSE_CODE,SECTOR, IS_ACTIVE) VALUES ('INE271C01023','DLF Ltd.','DLF','532868','CONSTRUCTION',1);
INSERT INTO STOCK_MASTER(ISIN_CODE,COMPANY_NAME,NSE_SYMBOL, BSE_CODE,SECTOR, IS_ACTIVE) VALUES ('INE016A01026','Dabur India Ltd.','DABUR','500096','CONSUMER GOODS',1);
INSERT INTO STOCK_MASTER(ISIN_CODE,COMPANY_NAME,NSE_SYMBOL, BSE_CODE,SECTOR, IS_ACTIVE) VALUES ('INE501A01019','Deepak Fertilisers & Petrochemicals Corp. Ltd.','DEEPAKFERT','500645','CHEMICALS',1);
INSERT INTO STOCK_MASTER(ISIN_CODE,COMPANY_NAME,NSE_SYMBOL, BSE_CODE,SECTOR, IS_ACTIVE) VALUES ('INE124G01033','Delta Corp Ltd.','DELTACORP','532848','SERVICES',1);
INSERT INTO STOCK_MASTER(ISIN_CODE,COMPANY_NAME,NSE_SYMBOL, BSE_CODE,SECTOR, IS_ACTIVE) VALUES ('INE947J01015','Den Networks Ltd.','DEN','533137','MEDIA & ENTERTAINMENT',1);
INSERT INTO STOCK_MASTER(ISIN_CODE,COMPANY_NAME,NSE_SYMBOL, BSE_CODE,SECTOR, IS_ACTIVE) VALUES ('INE077A01010','Dena Bank','DENABANK','532121','FINANCIAL SERVICES',1);
INSERT INTO STOCK_MASTER(ISIN_CODE,COMPANY_NAME,NSE_SYMBOL, BSE_CODE,SECTOR, IS_ACTIVE) VALUES ('INE202B01012','Dewan Housing Finance Corporation Ltd.','DHFL','511072','FINANCIAL SERVICES',1);
INSERT INTO STOCK_MASTER(ISIN_CODE,COMPANY_NAME,NSE_SYMBOL, BSE_CODE,SECTOR, IS_ACTIVE) VALUES ('INE917M01012','Dilip Buildcon Ltd.','DBL','540047','CONSTRUCTION',1);
INSERT INTO STOCK_MASTER(ISIN_CODE,COMPANY_NAME,NSE_SYMBOL, BSE_CODE,SECTOR, IS_ACTIVE) VALUES ('INE836F01026','Dish TV India Ltd.','DISHTV','532839','MEDIA & ENTERTAINMENT',1);
INSERT INTO STOCK_MASTER(ISIN_CODE,COMPANY_NAME,NSE_SYMBOL, BSE_CODE,SECTOR, IS_ACTIVE) VALUES ('INE385W01011','Dishman Carbogen Amcis Ltd.','DCAL','540701','PHARMA',1);
INSERT INTO STOCK_MASTER(ISIN_CODE,COMPANY_NAME,NSE_SYMBOL, BSE_CODE,SECTOR, IS_ACTIVE) VALUES ('INE361B01024','Divi''s Laboratories Ltd.','DIVISLAB','532488','PHARMA',1);
INSERT INTO STOCK_MASTER(ISIN_CODE,COMPANY_NAME,NSE_SYMBOL, BSE_CODE,SECTOR, IS_ACTIVE) VALUES ('INE935N01012','Dixon Technologies (India) Ltd.','DIXON','540699','CONSUMER GOODS',1);
INSERT INTO STOCK_MASTER(ISIN_CODE,COMPANY_NAME,NSE_SYMBOL, BSE_CODE,SECTOR, IS_ACTIVE) VALUES ('INE600L01024','Dr. Lal Path Labs Ltd.','LALPATHLAB','539524','HEALTHCARE SERVICES',1);
INSERT INTO STOCK_MASTER(ISIN_CODE,COMPANY_NAME,NSE_SYMBOL, BSE_CODE,SECTOR, IS_ACTIVE) VALUES ('INE089A01023','Dr. Reddy''s Laboratories Ltd.','DRREDDY','500124','PHARMA',1);
INSERT INTO STOCK_MASTER(ISIN_CODE,COMPANY_NAME,NSE_SYMBOL, BSE_CODE,SECTOR, IS_ACTIVE) VALUES ('INE506A01018','Dredging Corporation of India Ltd.','DREDGECORP','523618','SERVICES',1);
INSERT INTO STOCK_MASTER(ISIN_CODE,COMPANY_NAME,NSE_SYMBOL, BSE_CODE,SECTOR, IS_ACTIVE) VALUES ('INE126A01031','E.I.D. Parry (India) Ltd.','EIDPARRY','500125','FERTILISERS & PESTICIDES',1);
INSERT INTO STOCK_MASTER(ISIN_CODE,COMPANY_NAME,NSE_SYMBOL, BSE_CODE,SECTOR, IS_ACTIVE) VALUES ('INE230A01023','EIH Ltd.','EIHOTEL','500840','SERVICES',1);
INSERT INTO STOCK_MASTER(ISIN_CODE,COMPANY_NAME,NSE_SYMBOL, BSE_CODE,SECTOR, IS_ACTIVE) VALUES ('INE532F01054','Edelweiss Financial Services Ltd.','EDELWEISS','532922','FINANCIAL SERVICES',1);
INSERT INTO STOCK_MASTER(ISIN_CODE,COMPANY_NAME,NSE_SYMBOL, BSE_CODE,SECTOR, IS_ACTIVE) VALUES ('INE066A01013','Eicher Motors Ltd.','EICHERMOT','505200','AUTOMOBILE',1);
INSERT INTO STOCK_MASTER(ISIN_CODE,COMPANY_NAME,NSE_SYMBOL, BSE_CODE,SECTOR, IS_ACTIVE) VALUES ('INE285A01027','Elgi Equipments Ltd.','ELGIEQUIP','522074','INDUSTRIAL MANUFACTURING',1);
INSERT INTO STOCK_MASTER(ISIN_CODE,COMPANY_NAME,NSE_SYMBOL, BSE_CODE,SECTOR, IS_ACTIVE) VALUES ('INE548C01032','Emami Ltd.','EMAMILTD','531162','CONSUMER GOODS',1);
INSERT INTO STOCK_MASTER(ISIN_CODE,COMPANY_NAME,NSE_SYMBOL, BSE_CODE,SECTOR, IS_ACTIVE) VALUES ('INE913H01037','Endurance Technologies Ltd.','ENDURANCE','540153','AUTOMOBILE',1);
INSERT INTO STOCK_MASTER(ISIN_CODE,COMPANY_NAME,NSE_SYMBOL, BSE_CODE,SECTOR, IS_ACTIVE) VALUES ('INE510A01028','Engineers India Ltd.','ENGINERSIN','532178','CONSTRUCTION',1);
INSERT INTO STOCK_MASTER(ISIN_CODE,COMPANY_NAME,NSE_SYMBOL, BSE_CODE,SECTOR, IS_ACTIVE) VALUES ('INE988K01017','Equitas Holdings Ltd.','EQUITAS','539844','FINANCIAL SERVICES',1);
INSERT INTO STOCK_MASTER(ISIN_CODE,COMPANY_NAME,NSE_SYMBOL, BSE_CODE,SECTOR, IS_ACTIVE) VALUES ('INE406M01024','Eris Lifesciences Ltd.','ERIS','540596','PHARMA',1);
INSERT INTO STOCK_MASTER(ISIN_CODE,COMPANY_NAME,NSE_SYMBOL, BSE_CODE,SECTOR, IS_ACTIVE) VALUES ('INE416L01017','Eros Intl Media Ltd.','EROSMEDIA','533261','MEDIA & ENTERTAINMENT',1);
INSERT INTO STOCK_MASTER(ISIN_CODE,COMPANY_NAME,NSE_SYMBOL, BSE_CODE,SECTOR, IS_ACTIVE) VALUES ('INE042A01014','Escorts Ltd.','ESCORTS','500495','AUTOMOBILE',1);
INSERT INTO STOCK_MASTER(ISIN_CODE,COMPANY_NAME,NSE_SYMBOL, BSE_CODE,SECTOR, IS_ACTIVE) VALUES ('INE128A01029','Eveready Industries India Ltd.','EVEREADY','531508','CONSUMER GOODS',1);
INSERT INTO STOCK_MASTER(ISIN_CODE,COMPANY_NAME,NSE_SYMBOL, BSE_CODE,SECTOR, IS_ACTIVE) VALUES ('INE223G01017','Excel Crop Care Ltd.','EXCELCROP','532511','FERTILISERS & PESTICIDES',1);
INSERT INTO STOCK_MASTER(ISIN_CODE,COMPANY_NAME,NSE_SYMBOL, BSE_CODE,SECTOR, IS_ACTIVE) VALUES ('INE302A01020','Exide Industries Ltd.','EXIDEIND','500086','AUTOMOBILE',1);
INSERT INTO STOCK_MASTER(ISIN_CODE,COMPANY_NAME,NSE_SYMBOL, BSE_CODE,SECTOR, IS_ACTIVE) VALUES ('INE258B01022','FDC Ltd.','FDC','531599','PHARMA',1);
INSERT INTO STOCK_MASTER(ISIN_CODE,COMPANY_NAME,NSE_SYMBOL, BSE_CODE,SECTOR, IS_ACTIVE) VALUES ('INE171A01029','Federal Bank Ltd.','FEDERALBNK','500469','FINANCIAL SERVICES',1);
INSERT INTO STOCK_MASTER(ISIN_CODE,COMPANY_NAME,NSE_SYMBOL, BSE_CODE,SECTOR, IS_ACTIVE) VALUES ('INE235A01022','Finolex Cables Ltd.','FINCABLES','500144','INDUSTRIAL MANUFACTURING',1);
INSERT INTO STOCK_MASTER(ISIN_CODE,COMPANY_NAME,NSE_SYMBOL, BSE_CODE,SECTOR, IS_ACTIVE) VALUES ('INE183A01016','Finolex Industries Ltd.','FINPIPE','500940','INDUSTRIAL MANUFACTURING',1);
INSERT INTO STOCK_MASTER(ISIN_CODE,COMPANY_NAME,NSE_SYMBOL, BSE_CODE,SECTOR, IS_ACTIVE) VALUES ('INE684F01012','Firstsource Solutions Ltd.','FSL','532809','IT',1);
INSERT INTO STOCK_MASTER(ISIN_CODE,COMPANY_NAME,NSE_SYMBOL, BSE_CODE,SECTOR, IS_ACTIVE) VALUES ('INE220J01025','Future Consumer Ltd.','FCONSUMER','533400','CONSUMER GOODS',1);
INSERT INTO STOCK_MASTER(ISIN_CODE,COMPANY_NAME,NSE_SYMBOL, BSE_CODE,SECTOR, IS_ACTIVE) VALUES ('INE452O01016','Future Lifestyle Fashions Ltd.','FLFL','536507','CONSUMER GOODS',1);
INSERT INTO STOCK_MASTER(ISIN_CODE,COMPANY_NAME,NSE_SYMBOL, BSE_CODE,SECTOR, IS_ACTIVE) VALUES ('INE752P01024','Future Retail Ltd.','FRETAIL','540064','CONSUMER GOODS',1);
INSERT INTO STOCK_MASTER(ISIN_CODE,COMPANY_NAME,NSE_SYMBOL, BSE_CODE,SECTOR, IS_ACTIVE) VALUES ('INE129A01019','GAIL (India) Ltd.','GAIL','532155','ENERGY',1);
INSERT INTO STOCK_MASTER(ISIN_CODE,COMPANY_NAME,NSE_SYMBOL, BSE_CODE,SECTOR, IS_ACTIVE) VALUES ('INE878A01011','GE Power India Ltd.','GEPIL','532309','INDUSTRIAL MANUFACTURING',1);
INSERT INTO STOCK_MASTER(ISIN_CODE,COMPANY_NAME,NSE_SYMBOL, BSE_CODE,SECTOR, IS_ACTIVE) VALUES ('INE200A01026','GE T&D India Ltd.','GET&D','522275','INDUSTRIAL MANUFACTURING',1);
INSERT INTO STOCK_MASTER(ISIN_CODE,COMPANY_NAME,NSE_SYMBOL, BSE_CODE,SECTOR, IS_ACTIVE) VALUES ('INE539A01019','GHCL Ltd.','GHCL','500171','CHEMICALS',1);
INSERT INTO STOCK_MASTER(ISIN_CODE,COMPANY_NAME,NSE_SYMBOL, BSE_CODE,SECTOR, IS_ACTIVE) VALUES ('INE776C01039','GMR Infrastructure Ltd.','GMRINFRA','532754','CONSTRUCTION',1);
INSERT INTO STOCK_MASTER(ISIN_CODE,COMPANY_NAME,NSE_SYMBOL, BSE_CODE,SECTOR, IS_ACTIVE) VALUES ('INE251H01024','GVK Power & Infrastructures Ltd.','GVKPIL','532708','CONSTRUCTION',1);
INSERT INTO STOCK_MASTER(ISIN_CODE,COMPANY_NAME,NSE_SYMBOL, BSE_CODE,SECTOR, IS_ACTIVE) VALUES ('INE600K01018','Galaxy Surfactants Ltd.','GALAXYSURF','540935','CHEMICALS',1);
INSERT INTO STOCK_MASTER(ISIN_CODE,COMPANY_NAME,NSE_SYMBOL, BSE_CODE,SECTOR, IS_ACTIVE) VALUES ('INE852F01015','Gateway Distriparks Ltd.','GDL','532622','SERVICES',1);
INSERT INTO STOCK_MASTER(ISIN_CODE,COMPANY_NAME,NSE_SYMBOL, BSE_CODE,SECTOR, IS_ACTIVE) VALUES ('INE336H01023','Gayatri Projects Ltd.','GAYAPROJ','532767','CONSTRUCTION',1);
INSERT INTO STOCK_MASTER(ISIN_CODE,COMPANY_NAME,NSE_SYMBOL, BSE_CODE,SECTOR, IS_ACTIVE) VALUES ('INE481Y01014','General Insurance Corporation of India','GICRE','540755','FINANCIAL SERVICES',1);
INSERT INTO STOCK_MASTER(ISIN_CODE,COMPANY_NAME,NSE_SYMBOL, BSE_CODE,SECTOR, IS_ACTIVE) VALUES ('INE322A01010','Gillette India Ltd.','GILLETTE','507815','CONSUMER GOODS',1);
INSERT INTO STOCK_MASTER(ISIN_CODE,COMPANY_NAME,NSE_SYMBOL, BSE_CODE,SECTOR, IS_ACTIVE) VALUES ('INE264A01014','GlaxoSmithkline Consumer Healthcare Ltd.','GSKCONS','500676','CONSUMER GOODS',1);
INSERT INTO STOCK_MASTER(ISIN_CODE,COMPANY_NAME,NSE_SYMBOL, BSE_CODE,SECTOR, IS_ACTIVE) VALUES ('INE159A01016','Glaxosmithkline Pharmaceuticals Ltd.','GLAXO','500660','PHARMA',1);
INSERT INTO STOCK_MASTER(ISIN_CODE,COMPANY_NAME,NSE_SYMBOL, BSE_CODE,SECTOR, IS_ACTIVE) VALUES ('INE935A01035','Glenmark Pharmaceuticals Ltd.','GLENMARK','532296','PHARMA',1);
INSERT INTO STOCK_MASTER(ISIN_CODE,COMPANY_NAME,NSE_SYMBOL, BSE_CODE,SECTOR, IS_ACTIVE) VALUES ('INE260B01028','Godfrey Phillips India Ltd.','GODFRYPHLP','500163','CONSUMER GOODS',1);
INSERT INTO STOCK_MASTER(ISIN_CODE,COMPANY_NAME,NSE_SYMBOL, BSE_CODE,SECTOR, IS_ACTIVE) VALUES ('INE850D01014','Godrej Agrovet Ltd.','GODREJAGRO','540743','CONSUMER GOODS',1);
INSERT INTO STOCK_MASTER(ISIN_CODE,COMPANY_NAME,NSE_SYMBOL, BSE_CODE,SECTOR, IS_ACTIVE) VALUES ('INE102D01028','Godrej Consumer Products Ltd.','GODREJCP','532424','CONSUMER GOODS',1);
INSERT INTO STOCK_MASTER(ISIN_CODE,COMPANY_NAME,NSE_SYMBOL, BSE_CODE,SECTOR, IS_ACTIVE) VALUES ('INE233A01035','Godrej Industries Ltd.','GODREJIND','500164','CONSUMER GOODS',1);
INSERT INTO STOCK_MASTER(ISIN_CODE,COMPANY_NAME,NSE_SYMBOL, BSE_CODE,SECTOR, IS_ACTIVE) VALUES ('INE484J01027','Godrej Properties Ltd.','GODREJPROP','533150','CONSTRUCTION',1);
INSERT INTO STOCK_MASTER(ISIN_CODE,COMPANY_NAME,NSE_SYMBOL, BSE_CODE,SECTOR, IS_ACTIVE) VALUES ('INE101D01020','Granules India Ltd.','GRANULES','532482','PHARMA',1);
INSERT INTO STOCK_MASTER(ISIN_CODE,COMPANY_NAME,NSE_SYMBOL, BSE_CODE,SECTOR, IS_ACTIVE) VALUES ('INE371A01025','Graphite India Ltd.','GRAPHITE','509488','INDUSTRIAL MANUFACTURING',1);
INSERT INTO STOCK_MASTER(ISIN_CODE,COMPANY_NAME,NSE_SYMBOL, BSE_CODE,SECTOR, IS_ACTIVE) VALUES ('INE047A01021','Grasim Industries Ltd.','GRASIM','500300','CEMENT & CEMENT PRODUCTS',1);
INSERT INTO STOCK_MASTER(ISIN_CODE,COMPANY_NAME,NSE_SYMBOL, BSE_CODE,SECTOR, IS_ACTIVE) VALUES ('INE017A01032','Great Eastern Shipping Co. Ltd.','GESHIP','500620','SERVICES',1);
INSERT INTO STOCK_MASTER(ISIN_CODE,COMPANY_NAME,NSE_SYMBOL, BSE_CODE,SECTOR, IS_ACTIVE) VALUES ('INE224A01026','Greaves Cotton Ltd.','GREAVESCOT','501455','INDUSTRIAL MANUFACTURING',1);
INSERT INTO STOCK_MASTER(ISIN_CODE,COMPANY_NAME,NSE_SYMBOL, BSE_CODE,SECTOR, IS_ACTIVE) VALUES ('INE461C01038','Greenply Industries Ltd.','GREENPLY','526797','CONSUMER GOODS',1);
INSERT INTO STOCK_MASTER(ISIN_CODE,COMPANY_NAME,NSE_SYMBOL, BSE_CODE,SECTOR, IS_ACTIVE) VALUES ('INE536A01023','Grindwell Norton Ltd.','GRINDWELL','506076','INDUSTRIAL MANUFACTURING',1);
INSERT INTO STOCK_MASTER(ISIN_CODE,COMPANY_NAME,NSE_SYMBOL, BSE_CODE,SECTOR, IS_ACTIVE) VALUES ('INE580B01029','Gruh Finance Ltd.','GRUH','511288','FINANCIAL SERVICES',1);
INSERT INTO STOCK_MASTER(ISIN_CODE,COMPANY_NAME,NSE_SYMBOL, BSE_CODE,SECTOR, IS_ACTIVE) VALUES ('INE186A01019','Gujarat Alkalies & Chemicals Ltd.','GUJALKALI','530001','CHEMICALS',1);
INSERT INTO STOCK_MASTER(ISIN_CODE,COMPANY_NAME,NSE_SYMBOL, BSE_CODE,SECTOR, IS_ACTIVE) VALUES ('INE538A01037','Gujarat Fluorochemicals Ltd.','GUJFLUORO','500173','INDUSTRIAL MANUFACTURING',1);
INSERT INTO STOCK_MASTER(ISIN_CODE,COMPANY_NAME,NSE_SYMBOL, BSE_CODE,SECTOR, IS_ACTIVE) VALUES ('INE844O01022','Gujarat Gas Ltd.','GUJGASLTD','539336','ENERGY',1);
INSERT INTO STOCK_MASTER(ISIN_CODE,COMPANY_NAME,NSE_SYMBOL, BSE_CODE,SECTOR, IS_ACTIVE) VALUES ('INE131A01031','Gujarat Mineral Development Corporation Ltd.','GMDCLTD','532181','METALS',1);
INSERT INTO STOCK_MASTER(ISIN_CODE,COMPANY_NAME,NSE_SYMBOL, BSE_CODE,SECTOR, IS_ACTIVE) VALUES ('INE113A01013','Gujarat Narmada Valley Fertilizers and Chemicals Ltd.','GNFC','500670','CHEMICALS',1);
INSERT INTO STOCK_MASTER(ISIN_CODE,COMPANY_NAME,NSE_SYMBOL, BSE_CODE,SECTOR, IS_ACTIVE) VALUES ('INE517F01014','Gujarat Pipavav Port Ltd.','GPPL','533248','SERVICES',1);
INSERT INTO STOCK_MASTER(ISIN_CODE,COMPANY_NAME,NSE_SYMBOL, BSE_CODE,SECTOR, IS_ACTIVE) VALUES ('INE026A01025','Gujarat State Fertilizers & Chemicals Ltd.','GSFC','500690','FERTILISERS & PESTICIDES',1);
INSERT INTO STOCK_MASTER(ISIN_CODE,COMPANY_NAME,NSE_SYMBOL, BSE_CODE,SECTOR, IS_ACTIVE) VALUES ('INE246F01010','Gujarat State Petronet Ltd.','GSPL','532702','ENERGY',1);
INSERT INTO STOCK_MASTER(ISIN_CODE,COMPANY_NAME,NSE_SYMBOL, BSE_CODE,SECTOR, IS_ACTIVE) VALUES ('INE635Q01029','Gulf Oil Lubricants India Ltd.','GULFOILLUB','538567','ENERGY',1);
INSERT INTO STOCK_MASTER(ISIN_CODE,COMPANY_NAME,NSE_SYMBOL, BSE_CODE,SECTOR, IS_ACTIVE) VALUES ('INE545A01016','H.E.G. Ltd.','HEG','509631','INDUSTRIAL MANUFACTURING',1);
INSERT INTO STOCK_MASTER(ISIN_CODE,COMPANY_NAME,NSE_SYMBOL, BSE_CODE,SECTOR, IS_ACTIVE) VALUES ('INE236A01020','HCL Infosystems Ltd.','HCL-INSYS','500179','IT',1);
INSERT INTO STOCK_MASTER(ISIN_CODE,COMPANY_NAME,NSE_SYMBOL, BSE_CODE,SECTOR, IS_ACTIVE) VALUES ('INE860A01027','HCL Technologies Ltd.','HCLTECH','532281','IT',1);
INSERT INTO STOCK_MASTER(ISIN_CODE,COMPANY_NAME,NSE_SYMBOL, BSE_CODE,SECTOR, IS_ACTIVE) VALUES ('INE040A01026','HDFC Bank Ltd.','HDFCBANK','500180','FINANCIAL SERVICES',1);
INSERT INTO STOCK_MASTER(ISIN_CODE,COMPANY_NAME,NSE_SYMBOL, BSE_CODE,SECTOR, IS_ACTIVE) VALUES ('INE795G01014','HDFC Standard Life Insurance Company Ltd.','HDFCLIFE','540777','FINANCIAL SERVICES',1);
INSERT INTO STOCK_MASTER(ISIN_CODE,COMPANY_NAME,NSE_SYMBOL, BSE_CODE,SECTOR, IS_ACTIVE) VALUES ('INE415A01038','HSIL Ltd.','HSIL','500187','CONSUMER GOODS',1);
INSERT INTO STOCK_MASTER(ISIN_CODE,COMPANY_NAME,NSE_SYMBOL, BSE_CODE,SECTOR, IS_ACTIVE) VALUES ('INE982F01036','Hathway Cable & Datacom Ltd.','HATHWAY','533162','MEDIA & ENTERTAINMENT',1);
INSERT INTO STOCK_MASTER(ISIN_CODE,COMPANY_NAME,NSE_SYMBOL, BSE_CODE,SECTOR, IS_ACTIVE) VALUES ('INE473B01035','Hatsun Agro Product Ltd.','HATSUN','531531','CONSUMER GOODS',1);
INSERT INTO STOCK_MASTER(ISIN_CODE,COMPANY_NAME,NSE_SYMBOL, BSE_CODE,SECTOR, IS_ACTIVE) VALUES ('INE176B01034','Havells India Ltd.','HAVELLS','517354','CONSUMER GOODS',1);
INSERT INTO STOCK_MASTER(ISIN_CODE,COMPANY_NAME,NSE_SYMBOL, BSE_CODE,SECTOR, IS_ACTIVE) VALUES ('INE578A01017','HeidelbergCement India Ltd.','HEIDELBERG','500292','CEMENT & CEMENT PRODUCTS',1);
INSERT INTO STOCK_MASTER(ISIN_CODE,COMPANY_NAME,NSE_SYMBOL, BSE_CODE,SECTOR, IS_ACTIVE) VALUES ('INE978A01027','Heritage Foods Ltd.','HERITGFOOD','519552','CONSUMER GOODS',1);
INSERT INTO STOCK_MASTER(ISIN_CODE,COMPANY_NAME,NSE_SYMBOL, BSE_CODE,SECTOR, IS_ACTIVE) VALUES ('INE158A01026','Hero MotoCorp Ltd.','HEROMOTOCO','500182','AUTOMOBILE',1);
INSERT INTO STOCK_MASTER(ISIN_CODE,COMPANY_NAME,NSE_SYMBOL, BSE_CODE,SECTOR, IS_ACTIVE) VALUES ('INE093A01033','Hexaware Technologies Ltd.','HEXAWARE','532129','IT',1);
INSERT INTO STOCK_MASTER(ISIN_CODE,COMPANY_NAME,NSE_SYMBOL, BSE_CODE,SECTOR, IS_ACTIVE) VALUES ('INE548A01028','Himachal Fut Com Ltd.','HFCL','500183','TELECOM',1);
INSERT INTO STOCK_MASTER(ISIN_CODE,COMPANY_NAME,NSE_SYMBOL, BSE_CODE,SECTOR, IS_ACTIVE) VALUES ('INE019C01026','Himadri Speciality Chemical Ltd.','HSCL','500184','CHEMICALS',1);
INSERT INTO STOCK_MASTER(ISIN_CODE,COMPANY_NAME,NSE_SYMBOL, BSE_CODE,SECTOR, IS_ACTIVE) VALUES ('INE049A01027','Himatsingka Seide Ltd.','HIMATSEIDE','514043','TEXTILES',1);
INSERT INTO STOCK_MASTER(ISIN_CODE,COMPANY_NAME,NSE_SYMBOL, BSE_CODE,SECTOR, IS_ACTIVE) VALUES ('INE038A01020','Hindalco Industries Ltd.','HINDALCO','500440','METALS',1);
INSERT INTO STOCK_MASTER(ISIN_CODE,COMPANY_NAME,NSE_SYMBOL, BSE_CODE,SECTOR, IS_ACTIVE) VALUES ('INE066F01012','Hindustan Aeronautics Ltd.','HAL','541154','INDUSTRIAL MANUFACTURING',1);
INSERT INTO STOCK_MASTER(ISIN_CODE,COMPANY_NAME,NSE_SYMBOL, BSE_CODE,SECTOR, IS_ACTIVE) VALUES ('INE549A01026','Hindustan Construction Co. Ltd.','HCC','500185','CONSTRUCTION',1);
INSERT INTO STOCK_MASTER(ISIN_CODE,COMPANY_NAME,NSE_SYMBOL, BSE_CODE,SECTOR, IS_ACTIVE) VALUES ('INE531E01026','Hindustan Copper Ltd.','HINDCOPPER','513599','METALS',1);
INSERT INTO STOCK_MASTER(ISIN_CODE,COMPANY_NAME,NSE_SYMBOL, BSE_CODE,SECTOR, IS_ACTIVE) VALUES ('INE094A01015','Hindustan Petroleum Corporation Ltd.','HINDPETRO','500104','ENERGY',1);
INSERT INTO STOCK_MASTER(ISIN_CODE,COMPANY_NAME,NSE_SYMBOL, BSE_CODE,SECTOR, IS_ACTIVE) VALUES ('INE030A01027','Hindustan Unilever Ltd.','HINDUNILVR','500696','CONSUMER GOODS',1);
INSERT INTO STOCK_MASTER(ISIN_CODE,COMPANY_NAME,NSE_SYMBOL, BSE_CODE,SECTOR, IS_ACTIVE) VALUES ('INE267A01025','Hindustan Zinc Ltd.','HINDZINC','500188','METALS',1);
INSERT INTO STOCK_MASTER(ISIN_CODE,COMPANY_NAME,NSE_SYMBOL, BSE_CODE,SECTOR, IS_ACTIVE) VALUES ('INE671A01010','Honeywell Automation India Ltd.','HONAUT','517174','INDUSTRIAL MANUFACTURING',1);
INSERT INTO STOCK_MASTER(ISIN_CODE,COMPANY_NAME,NSE_SYMBOL, BSE_CODE,SECTOR, IS_ACTIVE) VALUES ('INE031A01017','Housing & Urban Development Corporation Ltd.','HUDCO','540530','FINANCIAL SERVICES',1);
INSERT INTO STOCK_MASTER(ISIN_CODE,COMPANY_NAME,NSE_SYMBOL, BSE_CODE,SECTOR, IS_ACTIVE) VALUES ('INE001A01036','Housing Development Finance Corporation Ltd.','HDFC','500010','FINANCIAL SERVICES',1);
INSERT INTO STOCK_MASTER(ISIN_CODE,COMPANY_NAME,NSE_SYMBOL, BSE_CODE,SECTOR, IS_ACTIVE) VALUES ('INE154A01025','I T C Ltd.','ITC','500875','CONSUMER GOODS',1);
INSERT INTO STOCK_MASTER(ISIN_CODE,COMPANY_NAME,NSE_SYMBOL, BSE_CODE,SECTOR, IS_ACTIVE) VALUES ('INE090A01021','ICICI Bank Ltd.','ICICIBANK','532174','FINANCIAL SERVICES',1);
INSERT INTO STOCK_MASTER(ISIN_CODE,COMPANY_NAME,NSE_SYMBOL, BSE_CODE,SECTOR, IS_ACTIVE) VALUES ('INE765G01017','ICICI Lombard General Insurance Company Ltd.','ICICIGI','540716','FINANCIAL SERVICES',1);
INSERT INTO STOCK_MASTER(ISIN_CODE,COMPANY_NAME,NSE_SYMBOL, BSE_CODE,SECTOR, IS_ACTIVE) VALUES ('INE726G01019','ICICI Prudential Life Insurance Company Ltd.','ICICIPRULI','540133','FINANCIAL SERVICES',1);
INSERT INTO STOCK_MASTER(ISIN_CODE,COMPANY_NAME,NSE_SYMBOL, BSE_CODE,SECTOR, IS_ACTIVE) VALUES ('INE763G01038','ICICI Securities Ltd.','ISEC','541179','FINANCIAL SERVICES',1);
INSERT INTO STOCK_MASTER(ISIN_CODE,COMPANY_NAME,NSE_SYMBOL, BSE_CODE,SECTOR, IS_ACTIVE) VALUES ('INE008A01015','IDBI Bank Ltd.','IDBI','500116','FINANCIAL SERVICES',1);
INSERT INTO STOCK_MASTER(ISIN_CODE,COMPANY_NAME,NSE_SYMBOL, BSE_CODE,SECTOR, IS_ACTIVE) VALUES ('INE092T01019','IDFC Bank Ltd.','IDFCBANK','539437','FINANCIAL SERVICES',1);
INSERT INTO STOCK_MASTER(ISIN_CODE,COMPANY_NAME,NSE_SYMBOL, BSE_CODE,SECTOR, IS_ACTIVE) VALUES ('INE043D01016','IDFC Ltd.','IDFC','532659','FINANCIAL SERVICES',1);
INSERT INTO STOCK_MASTER(ISIN_CODE,COMPANY_NAME,NSE_SYMBOL, BSE_CODE,SECTOR, IS_ACTIVE) VALUES ('INE559A01017','IFB Industries Ltd.','IFBIND','505726','CONSUMER GOODS',1);
INSERT INTO STOCK_MASTER(ISIN_CODE,COMPANY_NAME,NSE_SYMBOL, BSE_CODE,SECTOR, IS_ACTIVE) VALUES ('INE039A01010','IFCI Ltd.','IFCI','500106','FINANCIAL SERVICES',1);
INSERT INTO STOCK_MASTER(ISIN_CODE,COMPANY_NAME,NSE_SYMBOL, BSE_CODE,SECTOR, IS_ACTIVE) VALUES ('INE530B01024','IIFL Holdings Ltd.','IIFL','532636','FINANCIAL SERVICES',1);
INSERT INTO STOCK_MASTER(ISIN_CODE,COMPANY_NAME,NSE_SYMBOL, BSE_CODE,SECTOR, IS_ACTIVE) VALUES ('INE975G01012','IL&FS Transportation Networks Ltd.','IL&FSTRANS','533177','CONSTRUCTION',1);
INSERT INTO STOCK_MASTER(ISIN_CODE,COMPANY_NAME,NSE_SYMBOL, BSE_CODE,SECTOR, IS_ACTIVE) VALUES ('INE821I01014','IRB Infrastructure Developers Ltd.','IRB','532947','CONSTRUCTION',1);
INSERT INTO STOCK_MASTER(ISIN_CODE,COMPANY_NAME,NSE_SYMBOL, BSE_CODE,SECTOR, IS_ACTIVE) VALUES ('INE686A01026','ITD Cementation India Ltd.','ITDCEM','509496','CONSTRUCTION',1);
INSERT INTO STOCK_MASTER(ISIN_CODE,COMPANY_NAME,NSE_SYMBOL, BSE_CODE,SECTOR, IS_ACTIVE) VALUES ('INE248A01017','ITI Ltd.','ITI','523610','TELECOM',1);
INSERT INTO STOCK_MASTER(ISIN_CODE,COMPANY_NAME,NSE_SYMBOL, BSE_CODE,SECTOR, IS_ACTIVE) VALUES ('INE383A01012','India Cements Ltd.','INDIACEM','530005','CEMENT & CEMENT PRODUCTS',1);
INSERT INTO STOCK_MASTER(ISIN_CODE,COMPANY_NAME,NSE_SYMBOL, BSE_CODE,SECTOR, IS_ACTIVE) VALUES ('INE353K01014','India Tourism Development Corporation Ltd.','ITDC','532189','SERVICES',1);
INSERT INTO STOCK_MASTER(ISIN_CODE,COMPANY_NAME,NSE_SYMBOL, BSE_CODE,SECTOR, IS_ACTIVE) VALUES ('INE148I01020','Indiabulls Housing Finance Ltd.','IBULHSGFIN','535789','FINANCIAL SERVICES',1);
INSERT INTO STOCK_MASTER(ISIN_CODE,COMPANY_NAME,NSE_SYMBOL, BSE_CODE,SECTOR, IS_ACTIVE) VALUES ('INE069I01010','Indiabulls Real Estate Ltd.','IBREALEST','532832','CONSTRUCTION',1);
INSERT INTO STOCK_MASTER(ISIN_CODE,COMPANY_NAME,NSE_SYMBOL, BSE_CODE,SECTOR, IS_ACTIVE) VALUES ('INE274G01010','Indiabulls Ventures Ltd.','IBVENTURES','532960','FINANCIAL SERVICES',1);
INSERT INTO STOCK_MASTER(ISIN_CODE,COMPANY_NAME,NSE_SYMBOL, BSE_CODE,SECTOR, IS_ACTIVE) VALUES ('INE562A01011','Indian Bank','INDIANB','532814','FINANCIAL SERVICES',1);
INSERT INTO STOCK_MASTER(ISIN_CODE,COMPANY_NAME,NSE_SYMBOL, BSE_CODE,SECTOR, IS_ACTIVE) VALUES ('INE022Q01012','Indian Energy Exchange Ltd.','IEX','540750','FINANCIAL SERVICES',1);
INSERT INTO STOCK_MASTER(ISIN_CODE,COMPANY_NAME,NSE_SYMBOL, BSE_CODE,SECTOR, IS_ACTIVE) VALUES ('INE053A01029','Indian Hotels Co. Ltd.','INDHOTEL','500850','SERVICES',1);
INSERT INTO STOCK_MASTER(ISIN_CODE,COMPANY_NAME,NSE_SYMBOL, BSE_CODE,SECTOR, IS_ACTIVE) VALUES ('INE242A01010','Indian Oil Corporation Ltd.','IOC','530965','ENERGY',1);
INSERT INTO STOCK_MASTER(ISIN_CODE,COMPANY_NAME,NSE_SYMBOL, BSE_CODE,SECTOR, IS_ACTIVE) VALUES ('INE565A01014','Indian Overseas Bank ','IOB','532388','FINANCIAL SERVICES',1);
INSERT INTO STOCK_MASTER(ISIN_CODE,COMPANY_NAME,NSE_SYMBOL, BSE_CODE,SECTOR, IS_ACTIVE) VALUES ('INE483B01026','Indo Count Industries Ltd.','ICIL','521016','TEXTILES',1);
INSERT INTO STOCK_MASTER(ISIN_CODE,COMPANY_NAME,NSE_SYMBOL, BSE_CODE,SECTOR, IS_ACTIVE) VALUES ('INE873D01024','Indoco Remedies Ltd.','INDOCO','532612','PHARMA',1);
INSERT INTO STOCK_MASTER(ISIN_CODE,COMPANY_NAME,NSE_SYMBOL, BSE_CODE,SECTOR, IS_ACTIVE) VALUES ('INE203G01027','Indraprastha Gas Ltd.','IGL','532514','ENERGY',1);
INSERT INTO STOCK_MASTER(ISIN_CODE,COMPANY_NAME,NSE_SYMBOL, BSE_CODE,SECTOR, IS_ACTIVE) VALUES ('INE095A01012','IndusInd Bank Ltd.','INDUSINDBK','532187','FINANCIAL SERVICES',1);
INSERT INTO STOCK_MASTER(ISIN_CODE,COMPANY_NAME,NSE_SYMBOL, BSE_CODE,SECTOR, IS_ACTIVE) VALUES ('INE483S01020','Infibeam Avenues Ltd.','INFIBEAM','539807','IT',1);
INSERT INTO STOCK_MASTER(ISIN_CODE,COMPANY_NAME,NSE_SYMBOL, BSE_CODE,SECTOR, IS_ACTIVE) VALUES ('INE663F01024','Info Edge (India) Ltd.','NAUKRI','532777','IT',1);
INSERT INTO STOCK_MASTER(ISIN_CODE,COMPANY_NAME,NSE_SYMBOL, BSE_CODE,SECTOR, IS_ACTIVE) VALUES ('INE009A01021','Infosys Ltd.','INFY','500209','IT',1);
INSERT INTO STOCK_MASTER(ISIN_CODE,COMPANY_NAME,NSE_SYMBOL, BSE_CODE,SECTOR, IS_ACTIVE) VALUES ('INE312H01016','Inox Leisure Ltd.','INOXLEISUR','532706','MEDIA & ENTERTAINMENT',1);
INSERT INTO STOCK_MASTER(ISIN_CODE,COMPANY_NAME,NSE_SYMBOL, BSE_CODE,SECTOR, IS_ACTIVE) VALUES ('INE066P01011','Inox Wind Ltd.','INOXWIND','539083','INDUSTRIAL MANUFACTURING',1);
INSERT INTO STOCK_MASTER(ISIN_CODE,COMPANY_NAME,NSE_SYMBOL, BSE_CODE,SECTOR, IS_ACTIVE) VALUES ('INE306R01017','Intellect Design Arena Ltd.','INTELLECT','538835','IT',1);
INSERT INTO STOCK_MASTER(ISIN_CODE,COMPANY_NAME,NSE_SYMBOL, BSE_CODE,SECTOR, IS_ACTIVE) VALUES ('INE646L01027','InterGlobe Aviation Ltd.','INDIGO','539448','SERVICES',1);
INSERT INTO STOCK_MASTER(ISIN_CODE,COMPANY_NAME,NSE_SYMBOL, BSE_CODE,SECTOR, IS_ACTIVE) VALUES ('INE571A01020','Ipca Laboratories Ltd.','IPCALAB','524494','PHARMA',1);
INSERT INTO STOCK_MASTER(ISIN_CODE,COMPANY_NAME,NSE_SYMBOL, BSE_CODE,SECTOR, IS_ACTIVE) VALUES ('INE572A01028','J.B. Chemicals & Pharmaceuticals Ltd.','JBCHEPHARM','506943','PHARMA',1);
INSERT INTO STOCK_MASTER(ISIN_CODE,COMPANY_NAME,NSE_SYMBOL, BSE_CODE,SECTOR, IS_ACTIVE) VALUES ('INE823G01014','J.K. Cement Ltd.','JKCEMENT','532644','CEMENT & CEMENT PRODUCTS',1);
INSERT INTO STOCK_MASTER(ISIN_CODE,COMPANY_NAME,NSE_SYMBOL, BSE_CODE,SECTOR, IS_ACTIVE) VALUES ('INE576I01022','J.Kumar Infraprojects Ltd.','JKIL','532940','CONSTRUCTION',1);
INSERT INTO STOCK_MASTER(ISIN_CODE,COMPANY_NAME,NSE_SYMBOL, BSE_CODE,SECTOR, IS_ACTIVE) VALUES ('INE786A01032','JK Lakshmi Cement Ltd.','JKLAKSHMI','500380','CEMENT & CEMENT PRODUCTS',1);
INSERT INTO STOCK_MASTER(ISIN_CODE,COMPANY_NAME,NSE_SYMBOL, BSE_CODE,SECTOR, IS_ACTIVE) VALUES ('INE573A01042','JK Tyre & Industries Ltd.','JKTYRE','530007','AUTOMOBILE',1);
INSERT INTO STOCK_MASTER(ISIN_CODE,COMPANY_NAME,NSE_SYMBOL, BSE_CODE,SECTOR, IS_ACTIVE) VALUES ('INE780C01023','JM Financial Ltd.','JMFINANCIL','523405','FINANCIAL SERVICES',1);
INSERT INTO STOCK_MASTER(ISIN_CODE,COMPANY_NAME,NSE_SYMBOL, BSE_CODE,SECTOR, IS_ACTIVE) VALUES ('INE121E01018','JSW Energy Ltd.','JSWENERGY','533148','ENERGY',1);
INSERT INTO STOCK_MASTER(ISIN_CODE,COMPANY_NAME,NSE_SYMBOL, BSE_CODE,SECTOR, IS_ACTIVE) VALUES ('INE019A01038','JSW Steel Ltd.','JSWSTEEL','500228','METALS',1);
INSERT INTO STOCK_MASTER(ISIN_CODE,COMPANY_NAME,NSE_SYMBOL, BSE_CODE,SECTOR, IS_ACTIVE) VALUES ('INE199G01027','Jagran Prakashan Ltd.','JAGRAN','532705','MEDIA & ENTERTAINMENT',1);
INSERT INTO STOCK_MASTER(ISIN_CODE,COMPANY_NAME,NSE_SYMBOL, BSE_CODE,SECTOR, IS_ACTIVE) VALUES ('INE070D01027','Jai Corp Ltd.','JAICORPLTD','512237','INDUSTRIAL MANUFACTURING',1);
INSERT INTO STOCK_MASTER(ISIN_CODE,COMPANY_NAME,NSE_SYMBOL, BSE_CODE,SECTOR, IS_ACTIVE) VALUES ('INE175A01038','Jain Irrigation Systems Ltd.','JISLJALEQS','500219','INDUSTRIAL MANUFACTURING',1);
INSERT INTO STOCK_MASTER(ISIN_CODE,COMPANY_NAME,NSE_SYMBOL, BSE_CODE,SECTOR, IS_ACTIVE) VALUES ('INE455F01025','Jaiprakash Associates Ltd.','JPASSOCIAT','532532','CEMENT & CEMENT PRODUCTS',1);
INSERT INTO STOCK_MASTER(ISIN_CODE,COMPANY_NAME,NSE_SYMBOL, BSE_CODE,SECTOR, IS_ACTIVE) VALUES ('INE351F01018','Jaiprakash Power Ventures Ltd.','JPPOWER','532627','ENERGY',1);
INSERT INTO STOCK_MASTER(ISIN_CODE,COMPANY_NAME,NSE_SYMBOL, BSE_CODE,SECTOR, IS_ACTIVE) VALUES ('INE168A01041','Jammu & Kashmir Bank Ltd.','J&KBANK','532209','FINANCIAL SERVICES',1);
INSERT INTO STOCK_MASTER(ISIN_CODE,COMPANY_NAME,NSE_SYMBOL, BSE_CODE,SECTOR, IS_ACTIVE) VALUES ('INE802G01018','Jet Airways (India) Ltd.','JETAIRWAYS','532617','SERVICES',1);
INSERT INTO STOCK_MASTER(ISIN_CODE,COMPANY_NAME,NSE_SYMBOL, BSE_CODE,SECTOR, IS_ACTIVE) VALUES ('INE324A01024','Jindal Saw Ltd.','JINDALSAW','500378','METALS',1);
INSERT INTO STOCK_MASTER(ISIN_CODE,COMPANY_NAME,NSE_SYMBOL, BSE_CODE,SECTOR, IS_ACTIVE) VALUES ('INE455T01018','Jindal Stainless (Hisar) Ltd.','JSLHISAR','539597','METALS',1);
INSERT INTO STOCK_MASTER(ISIN_CODE,COMPANY_NAME,NSE_SYMBOL, BSE_CODE,SECTOR, IS_ACTIVE) VALUES ('INE220G01021','Jindal Stainless Ltd.','JSL','532508','METALS',1);
INSERT INTO STOCK_MASTER(ISIN_CODE,COMPANY_NAME,NSE_SYMBOL, BSE_CODE,SECTOR, IS_ACTIVE) VALUES ('INE749A01030','Jindal Steel & Power Ltd.','JINDALSTEL','532286','METALS',1);
INSERT INTO STOCK_MASTER(ISIN_CODE,COMPANY_NAME,NSE_SYMBOL, BSE_CODE,SECTOR, IS_ACTIVE) VALUES ('INE782A01015','Johnson Controls - Hitachi Air Conditioning India Ltd.','JCHAC','523398','CONSUMER GOODS',1);
INSERT INTO STOCK_MASTER(ISIN_CODE,COMPANY_NAME,NSE_SYMBOL, BSE_CODE,SECTOR, IS_ACTIVE) VALUES ('INE797F01012','Jubilant Foodworks Ltd.','JUBLFOOD','533155','CONSUMER GOODS',1);
INSERT INTO STOCK_MASTER(ISIN_CODE,COMPANY_NAME,NSE_SYMBOL, BSE_CODE,SECTOR, IS_ACTIVE) VALUES ('INE700A01033','Jubilant Life Sciences Ltd.','JUBILANT','530019','PHARMA',1);
INSERT INTO STOCK_MASTER(ISIN_CODE,COMPANY_NAME,NSE_SYMBOL, BSE_CODE,SECTOR, IS_ACTIVE) VALUES ('INE599M01018','Justdial Ltd.','JUSTDIAL','535648','IT',1);
INSERT INTO STOCK_MASTER(ISIN_CODE,COMPANY_NAME,NSE_SYMBOL, BSE_CODE,SECTOR, IS_ACTIVE) VALUES ('INE668F01031','Jyothy Laboratories Ltd.','JYOTHYLAB','532926','CONSUMER GOODS',1);
INSERT INTO STOCK_MASTER(ISIN_CODE,COMPANY_NAME,NSE_SYMBOL, BSE_CODE,SECTOR, IS_ACTIVE) VALUES ('INE930H01023','K.P.R. Mill Ltd.','KPRMILL','532889','TEXTILES',1);
INSERT INTO STOCK_MASTER(ISIN_CODE,COMPANY_NAME,NSE_SYMBOL, BSE_CODE,SECTOR, IS_ACTIVE) VALUES ('INE880L01014','KIOCL Ltd.','KIOCL','540680','METALS',1);
INSERT INTO STOCK_MASTER(ISIN_CODE,COMPANY_NAME,NSE_SYMBOL, BSE_CODE,SECTOR, IS_ACTIVE) VALUES ('INE634I01029','KNR Constructions Ltd.','KNRCON','532942','CONSTRUCTION',1);
INSERT INTO STOCK_MASTER(ISIN_CODE,COMPANY_NAME,NSE_SYMBOL, BSE_CODE,SECTOR, IS_ACTIVE) VALUES ('INE001B01026','KRBL Ltd.','KRBL','530813','CONSUMER GOODS',1);
INSERT INTO STOCK_MASTER(ISIN_CODE,COMPANY_NAME,NSE_SYMBOL, BSE_CODE,SECTOR, IS_ACTIVE) VALUES ('INE217B01036','Kajaria Ceramics Ltd.','KAJARIACER','500233','CONSTRUCTION',1);
INSERT INTO STOCK_MASTER(ISIN_CODE,COMPANY_NAME,NSE_SYMBOL, BSE_CODE,SECTOR, IS_ACTIVE) VALUES ('INE220B01022','Kalpataru Power Transmission Ltd.','KALPATPOWR','522287','ENERGY',1);
INSERT INTO STOCK_MASTER(ISIN_CODE,COMPANY_NAME,NSE_SYMBOL, BSE_CODE,SECTOR, IS_ACTIVE) VALUES ('INE531A01024','Kansai Nerolac Paints Ltd.','KANSAINER','500165','CONSUMER GOODS',1);
INSERT INTO STOCK_MASTER(ISIN_CODE,COMPANY_NAME,NSE_SYMBOL, BSE_CODE,SECTOR, IS_ACTIVE) VALUES ('INE614B01018','Karnataka Bank Ltd.','KTKBANK','532652','FINANCIAL SERVICES',1);
INSERT INTO STOCK_MASTER(ISIN_CODE,COMPANY_NAME,NSE_SYMBOL, BSE_CODE,SECTOR, IS_ACTIVE) VALUES ('INE036D01028','Karur Vysya Bank Ltd.','KARURVYSYA','590003','FINANCIAL SERVICES',1);
INSERT INTO STOCK_MASTER(ISIN_CODE,COMPANY_NAME,NSE_SYMBOL, BSE_CODE,SECTOR, IS_ACTIVE) VALUES ('INE455I01029','Kaveri Seed Company Ltd.','KSCL','532899','CONSUMER GOODS',1);
INSERT INTO STOCK_MASTER(ISIN_CODE,COMPANY_NAME,NSE_SYMBOL, BSE_CODE,SECTOR, IS_ACTIVE) VALUES ('INE389H01022','Kec International Ltd.','KEC','532714','CONSTRUCTION',1);
INSERT INTO STOCK_MASTER(ISIN_CODE,COMPANY_NAME,NSE_SYMBOL, BSE_CODE,SECTOR, IS_ACTIVE) VALUES ('INE094I01018','Kolte-Patil Developers Ltd.','KOLTEPATIL','532924','CONSTRUCTION',1);
INSERT INTO STOCK_MASTER(ISIN_CODE,COMPANY_NAME,NSE_SYMBOL, BSE_CODE,SECTOR, IS_ACTIVE) VALUES ('INE237A01028','Kotak Mahindra Bank Ltd.','KOTAKBANK','500247','FINANCIAL SERVICES',1);
INSERT INTO STOCK_MASTER(ISIN_CODE,COMPANY_NAME,NSE_SYMBOL, BSE_CODE,SECTOR, IS_ACTIVE) VALUES ('INE498L01015','L&T Finance Holdings Ltd.','L&TFH','533519','FINANCIAL SERVICES',1);
INSERT INTO STOCK_MASTER(ISIN_CODE,COMPANY_NAME,NSE_SYMBOL, BSE_CODE,SECTOR, IS_ACTIVE) VALUES ('INE010V01017','L&T Technology Services Ltd.','LTTS','540115','IT',1);
INSERT INTO STOCK_MASTER(ISIN_CODE,COMPANY_NAME,NSE_SYMBOL, BSE_CODE,SECTOR, IS_ACTIVE) VALUES ('INE115A01026','LIC Housing Finance Ltd.','LICHSGFIN','500253','FINANCIAL SERVICES',1);
INSERT INTO STOCK_MASTER(ISIN_CODE,COMPANY_NAME,NSE_SYMBOL, BSE_CODE,SECTOR, IS_ACTIVE) VALUES ('INE269B01029','Lakshmi Machine Works Ltd.','LAXMIMACH','500252','INDUSTRIAL MANUFACTURING',1);
INSERT INTO STOCK_MASTER(ISIN_CODE,COMPANY_NAME,NSE_SYMBOL, BSE_CODE,SECTOR, IS_ACTIVE) VALUES ('INE694C01018','Lakshmi Vilas Bank Ltd.','LAKSHVILAS','534690','FINANCIAL SERVICES',1);
INSERT INTO STOCK_MASTER(ISIN_CODE,COMPANY_NAME,NSE_SYMBOL, BSE_CODE,SECTOR, IS_ACTIVE) VALUES ('INE214T01019','Larsen & Toubro Infotech Ltd.','LTI','540005','IT',1);
INSERT INTO STOCK_MASTER(ISIN_CODE,COMPANY_NAME,NSE_SYMBOL, BSE_CODE,SECTOR, IS_ACTIVE) VALUES ('INE018A01030','Larsen & Toubro Ltd.','LT','500510','CONSTRUCTION',1);
INSERT INTO STOCK_MASTER(ISIN_CODE,COMPANY_NAME,NSE_SYMBOL, BSE_CODE,SECTOR, IS_ACTIVE) VALUES ('INE947Q01010','Laurus Labs Ltd.','LAURUSLABS','540222','PHARMA',1);
INSERT INTO STOCK_MASTER(ISIN_CODE,COMPANY_NAME,NSE_SYMBOL, BSE_CODE,SECTOR, IS_ACTIVE) VALUES ('INE970X01018','Lemon Tree Hotels Ltd.','LEMONTREE','541233','SERVICES',1);
INSERT INTO STOCK_MASTER(ISIN_CODE,COMPANY_NAME,NSE_SYMBOL, BSE_CODE,SECTOR, IS_ACTIVE) VALUES ('INE473A01011','Linde India Ltd.','LINDEINDIA','523457','CHEMICALS',1);
INSERT INTO STOCK_MASTER(ISIN_CODE,COMPANY_NAME,NSE_SYMBOL, BSE_CODE,SECTOR, IS_ACTIVE) VALUES ('INE326A01037','Lupin Ltd.','LUPIN','500257','PHARMA',1);
INSERT INTO STOCK_MASTER(ISIN_CODE,COMPANY_NAME,NSE_SYMBOL, BSE_CODE,SECTOR, IS_ACTIVE) VALUES ('INE150G01020','Lux Industries Ltd.','LUXIND','539542','TEXTILES',1);
INSERT INTO STOCK_MASTER(ISIN_CODE,COMPANY_NAME,NSE_SYMBOL, BSE_CODE,SECTOR, IS_ACTIVE) VALUES ('INE348L01012','MAS Financial Services Ltd.','MASFIN','540749','FINANCIAL SERVICES',1);
INSERT INTO STOCK_MASTER(ISIN_CODE,COMPANY_NAME,NSE_SYMBOL, BSE_CODE,SECTOR, IS_ACTIVE) VALUES ('INE123F01029','MMTC Ltd.','MMTC','513377','SERVICES',1);
INSERT INTO STOCK_MASTER(ISIN_CODE,COMPANY_NAME,NSE_SYMBOL, BSE_CODE,SECTOR, IS_ACTIVE) VALUES ('INE490G01020','MOIL Ltd.','MOIL','533286','METALS',1);
INSERT INTO STOCK_MASTER(ISIN_CODE,COMPANY_NAME,NSE_SYMBOL, BSE_CODE,SECTOR, IS_ACTIVE) VALUES ('INE883A01011','MRF Ltd.','MRF','500290','AUTOMOBILE',1);
INSERT INTO STOCK_MASTER(ISIN_CODE,COMPANY_NAME,NSE_SYMBOL, BSE_CODE,SECTOR, IS_ACTIVE) VALUES ('INE511C01022','Magma Fincorp Ltd.','MAGMA','524000','FINANCIAL SERVICES',1);
INSERT INTO STOCK_MASTER(ISIN_CODE,COMPANY_NAME,NSE_SYMBOL, BSE_CODE,SECTOR, IS_ACTIVE) VALUES ('INE002S01010','Mahanagar Gas Ltd.','MGL','539957','ENERGY',1);
INSERT INTO STOCK_MASTER(ISIN_CODE,COMPANY_NAME,NSE_SYMBOL, BSE_CODE,SECTOR, IS_ACTIVE) VALUES ('INE774D01024','Mahindra & Mahindra Financial Services Ltd.','M&MFIN','532720','FINANCIAL SERVICES',1);
INSERT INTO STOCK_MASTER(ISIN_CODE,COMPANY_NAME,NSE_SYMBOL, BSE_CODE,SECTOR, IS_ACTIVE) VALUES ('INE101A01026','Mahindra & Mahindra Ltd.','M&M','500520','AUTOMOBILE',1);
INSERT INTO STOCK_MASTER(ISIN_CODE,COMPANY_NAME,NSE_SYMBOL, BSE_CODE,SECTOR, IS_ACTIVE) VALUES ('INE536H01010','Mahindra CIE Automotive Ltd.','MAHINDCIE','532756','INDUSTRIAL MANUFACTURING',1);
INSERT INTO STOCK_MASTER(ISIN_CODE,COMPANY_NAME,NSE_SYMBOL, BSE_CODE,SECTOR, IS_ACTIVE) VALUES ('INE998I01010','Mahindra Holidays & Resorts India Ltd.','MHRIL','533088','SERVICES',1);
INSERT INTO STOCK_MASTER(ISIN_CODE,COMPANY_NAME,NSE_SYMBOL, BSE_CODE,SECTOR, IS_ACTIVE) VALUES ('INE766P01016','Mahindra Logistics Ltd.','MAHLOG','540768','SERVICES',1);
INSERT INTO STOCK_MASTER(ISIN_CODE,COMPANY_NAME,NSE_SYMBOL, BSE_CODE,SECTOR, IS_ACTIVE) VALUES ('INE522D01027','Manappuram Finance Ltd.','MANAPPURAM','531213','FINANCIAL SERVICES',1);
INSERT INTO STOCK_MASTER(ISIN_CODE,COMPANY_NAME,NSE_SYMBOL, BSE_CODE,SECTOR, IS_ACTIVE) VALUES ('INE103A01014','Mangalore Refinery & Petrochemicals Ltd.','MRPL','500109','ENERGY',1);
INSERT INTO STOCK_MASTER(ISIN_CODE,COMPANY_NAME,NSE_SYMBOL, BSE_CODE,SECTOR, IS_ACTIVE) VALUES ('INE122R01018','Manpasand Beverages Ltd.','MANPASAND','539207','CONSUMER GOODS',1);
INSERT INTO STOCK_MASTER(ISIN_CODE,COMPANY_NAME,NSE_SYMBOL, BSE_CODE,SECTOR, IS_ACTIVE) VALUES ('INE196A01026','Marico Ltd.','MARICO','531642','CONSUMER GOODS',1);
INSERT INTO STOCK_MASTER(ISIN_CODE,COMPANY_NAME,NSE_SYMBOL, BSE_CODE,SECTOR, IS_ACTIVE) VALUES ('INE585B01010','Maruti Suzuki India Ltd.','MARUTI','532500','AUTOMOBILE',1);
INSERT INTO STOCK_MASTER(ISIN_CODE,COMPANY_NAME,NSE_SYMBOL, BSE_CODE,SECTOR, IS_ACTIVE) VALUES ('INE180A01020','Max Financial Services Ltd.','MFSL','500271','FINANCIAL SERVICES',1);
INSERT INTO STOCK_MASTER(ISIN_CODE,COMPANY_NAME,NSE_SYMBOL, BSE_CODE,SECTOR, IS_ACTIVE) VALUES ('INE153U01017','Max India Ltd.','MAXINDIA','539981','HEALTHCARE SERVICES',1);
INSERT INTO STOCK_MASTER(ISIN_CODE,COMPANY_NAME,NSE_SYMBOL, BSE_CODE,SECTOR, IS_ACTIVE) VALUES ('INE942G01012','McLeod Russel India Ltd.','MCLEODRUSS','532654','CONSUMER GOODS',1);
INSERT INTO STOCK_MASTER(ISIN_CODE,COMPANY_NAME,NSE_SYMBOL, BSE_CODE,SECTOR, IS_ACTIVE) VALUES ('INE199A01012','Merck Ltd.','MERCK','500126','PHARMA',1);
INSERT INTO STOCK_MASTER(ISIN_CODE,COMPANY_NAME,NSE_SYMBOL, BSE_CODE,SECTOR, IS_ACTIVE) VALUES ('INE018I01017','MindTree Ltd.','MINDTREE','532819','IT',1);
INSERT INTO STOCK_MASTER(ISIN_CODE,COMPANY_NAME,NSE_SYMBOL, BSE_CODE,SECTOR, IS_ACTIVE) VALUES ('INE842C01021','Minda Corporation Ltd.','MINDACORP','538962','AUTOMOBILE',1);
INSERT INTO STOCK_MASTER(ISIN_CODE,COMPANY_NAME,NSE_SYMBOL, BSE_CODE,SECTOR, IS_ACTIVE) VALUES ('INE405E01023','Minda Industries Ltd.','MINDAIND','532539','AUTOMOBILE',1);
INSERT INTO STOCK_MASTER(ISIN_CODE,COMPANY_NAME,NSE_SYMBOL, BSE_CODE,SECTOR, IS_ACTIVE) VALUES ('INE274B01011','Monsanto India Ltd.','MONSANTO','524084','FERTILISERS & PESTICIDES',1);
INSERT INTO STOCK_MASTER(ISIN_CODE,COMPANY_NAME,NSE_SYMBOL, BSE_CODE,SECTOR, IS_ACTIVE) VALUES ('INE775A01035','Motherson Sumi Systems Ltd.','MOTHERSUMI','517334','AUTOMOBILE',1);
INSERT INTO STOCK_MASTER(ISIN_CODE,COMPANY_NAME,NSE_SYMBOL, BSE_CODE,SECTOR, IS_ACTIVE) VALUES ('INE338I01027','Motilal Oswal Financial Services Ltd.','MOTILALOFS','532892','FINANCIAL SERVICES',1);
INSERT INTO STOCK_MASTER(ISIN_CODE,COMPANY_NAME,NSE_SYMBOL, BSE_CODE,SECTOR, IS_ACTIVE) VALUES ('INE356A01018','MphasiS Ltd.','MPHASIS','526299','IT',1);
INSERT INTO STOCK_MASTER(ISIN_CODE,COMPANY_NAME,NSE_SYMBOL, BSE_CODE,SECTOR, IS_ACTIVE) VALUES ('INE414G01012','Muthoot Finance Ltd.','MUTHOOTFIN','533398','FINANCIAL SERVICES',1);
INSERT INTO STOCK_MASTER(ISIN_CODE,COMPANY_NAME,NSE_SYMBOL, BSE_CODE,SECTOR, IS_ACTIVE) VALUES ('INE987B01026','NATCO Pharma Ltd.','NATCOPHARM','524816','PHARMA',1);
INSERT INTO STOCK_MASTER(ISIN_CODE,COMPANY_NAME,NSE_SYMBOL, BSE_CODE,SECTOR, IS_ACTIVE) VALUES ('INE095N01031','NBCC (India) Ltd.','NBCC','534309','CONSTRUCTION',1);
INSERT INTO STOCK_MASTER(ISIN_CODE,COMPANY_NAME,NSE_SYMBOL, BSE_CODE,SECTOR, IS_ACTIVE) VALUES ('INE868B01028','NCC Ltd.','NCC','500294','CONSTRUCTION',1);
INSERT INTO STOCK_MASTER(ISIN_CODE,COMPANY_NAME,NSE_SYMBOL, BSE_CODE,SECTOR, IS_ACTIVE) VALUES ('INE317F01035','NESCO Ltd.','NESCO','505355','SERVICES',1);
INSERT INTO STOCK_MASTER(ISIN_CODE,COMPANY_NAME,NSE_SYMBOL, BSE_CODE,SECTOR, IS_ACTIVE) VALUES ('INE848E01016','NHPC Ltd.','NHPC','533098','ENERGY',1);
INSERT INTO STOCK_MASTER(ISIN_CODE,COMPANY_NAME,NSE_SYMBOL, BSE_CODE,SECTOR, IS_ACTIVE) VALUES ('INE591G01017','NIIT Technologies Ltd.','NIITTECH','532541','IT',1);
INSERT INTO STOCK_MASTER(ISIN_CODE,COMPANY_NAME,NSE_SYMBOL, BSE_CODE,SECTOR, IS_ACTIVE) VALUES ('INE589A01014','NLC India Ltd.','NLCINDIA','513683','ENERGY',1);
INSERT INTO STOCK_MASTER(ISIN_CODE,COMPANY_NAME,NSE_SYMBOL, BSE_CODE,SECTOR, IS_ACTIVE) VALUES ('INE584A01023','NMDC Ltd.','NMDC','526371','METALS',1);
INSERT INTO STOCK_MASTER(ISIN_CODE,COMPANY_NAME,NSE_SYMBOL, BSE_CODE,SECTOR, IS_ACTIVE) VALUES ('INE733E01010','NTPC Ltd.','NTPC','532555','ENERGY',1);
INSERT INTO STOCK_MASTER(ISIN_CODE,COMPANY_NAME,NSE_SYMBOL, BSE_CODE,SECTOR, IS_ACTIVE) VALUES ('INE410P01011','Narayana Hrudayalaya Ltd.','NH','539551','HEALTHCARE SERVICES',1);
INSERT INTO STOCK_MASTER(ISIN_CODE,COMPANY_NAME,NSE_SYMBOL, BSE_CODE,SECTOR, IS_ACTIVE) VALUES ('INE139A01034','National Aluminium Co. Ltd.','NATIONALUM','532234','METALS',1);
INSERT INTO STOCK_MASTER(ISIN_CODE,COMPANY_NAME,NSE_SYMBOL, BSE_CODE,SECTOR, IS_ACTIVE) VALUES ('INE870D01012','National Fertilizers Ltd.','NFL','523630','FERTILISERS & PESTICIDES',1);
INSERT INTO STOCK_MASTER(ISIN_CODE,COMPANY_NAME,NSE_SYMBOL, BSE_CODE,SECTOR, IS_ACTIVE) VALUES ('INE725A01022','Nava Bharat Ventures Ltd.','NBVENTURES','513023','ENERGY',1);
INSERT INTO STOCK_MASTER(ISIN_CODE,COMPANY_NAME,NSE_SYMBOL, BSE_CODE,SECTOR, IS_ACTIVE) VALUES ('INE048G01026','Navin Fluorine International Ltd.','NAVINFLUOR','532504','CHEMICALS',1);
INSERT INTO STOCK_MASTER(ISIN_CODE,COMPANY_NAME,NSE_SYMBOL, BSE_CODE,SECTOR, IS_ACTIVE) VALUES ('INE278M01019','Navkar Corporation Ltd.','NAVKARCORP','539332','SERVICES',1);
INSERT INTO STOCK_MASTER(ISIN_CODE,COMPANY_NAME,NSE_SYMBOL, BSE_CODE,SECTOR, IS_ACTIVE) VALUES ('INE870H01013','Network18 Media & Investments Ltd.','NETWORK18','532798','MEDIA & ENTERTAINMENT',1);
INSERT INTO STOCK_MASTER(ISIN_CODE,COMPANY_NAME,NSE_SYMBOL, BSE_CODE,SECTOR, IS_ACTIVE) VALUES ('INE310A01015','Nilkamal Ltd.','NILKAMAL','523385','INDUSTRIAL MANUFACTURING',1);
INSERT INTO STOCK_MASTER(ISIN_CODE,COMPANY_NAME,NSE_SYMBOL, BSE_CODE,SECTOR, IS_ACTIVE) VALUES ('INE093I01010','Oberoi Realty Ltd.','OBEROIRLTY','533273','CONSTRUCTION',1);
INSERT INTO STOCK_MASTER(ISIN_CODE,COMPANY_NAME,NSE_SYMBOL, BSE_CODE,SECTOR, IS_ACTIVE) VALUES ('INE213A01029','Oil & Natural Gas Corporation Ltd.','ONGC','500312','ENERGY',1);
INSERT INTO STOCK_MASTER(ISIN_CODE,COMPANY_NAME,NSE_SYMBOL, BSE_CODE,SECTOR, IS_ACTIVE) VALUES ('INE274J01014','Oil India Ltd.','OIL','533106','ENERGY',1);
INSERT INTO STOCK_MASTER(ISIN_CODE,COMPANY_NAME,NSE_SYMBOL, BSE_CODE,SECTOR, IS_ACTIVE) VALUES ('INE800H01010','Omaxe Ltd.','OMAXE','532880','CONSTRUCTION',1);
INSERT INTO STOCK_MASTER(ISIN_CODE,COMPANY_NAME,NSE_SYMBOL, BSE_CODE,SECTOR, IS_ACTIVE) VALUES ('INE881D01027','Oracle Financial Services Software Ltd.','OFSS','532466','IT',1);
INSERT INTO STOCK_MASTER(ISIN_CODE,COMPANY_NAME,NSE_SYMBOL, BSE_CODE,SECTOR, IS_ACTIVE) VALUES ('INE876N01018','Orient Cement Ltd.','ORIENTCEM','535754','CEMENT & CEMENT PRODUCTS',1);
INSERT INTO STOCK_MASTER(ISIN_CODE,COMPANY_NAME,NSE_SYMBOL, BSE_CODE,SECTOR, IS_ACTIVE) VALUES ('INE141A01014','Oriental Bank of Commerce','ORIENTBANK','500315','FINANCIAL SERVICES',1);
INSERT INTO STOCK_MASTER(ISIN_CODE,COMPANY_NAME,NSE_SYMBOL, BSE_CODE,SECTOR, IS_ACTIVE) VALUES ('INE785M01013','PC Jeweller Ltd.','PCJEWELLER','534809','CONSUMER GOODS',1);
INSERT INTO STOCK_MASTER(ISIN_CODE,COMPANY_NAME,NSE_SYMBOL, BSE_CODE,SECTOR, IS_ACTIVE) VALUES ('INE603J01030','PI Industries Ltd.','PIIND','523642','FERTILISERS & PESTICIDES',1);
INSERT INTO STOCK_MASTER(ISIN_CODE,COMPANY_NAME,NSE_SYMBOL, BSE_CODE,SECTOR, IS_ACTIVE) VALUES ('INE572E01012','PNB Housing Finance Ltd.','PNBHOUSING','540173','FINANCIAL SERVICES',1);
INSERT INTO STOCK_MASTER(ISIN_CODE,COMPANY_NAME,NSE_SYMBOL, BSE_CODE,SECTOR, IS_ACTIVE) VALUES ('INE195J01029','PNC Infratech Ltd.','PNCINFRA','539150','CONSTRUCTION',1);
INSERT INTO STOCK_MASTER(ISIN_CODE,COMPANY_NAME,NSE_SYMBOL, BSE_CODE,SECTOR, IS_ACTIVE) VALUES ('INE560K01014','PTC India Fin Serv Ltd.','PFS','533344','FINANCIAL SERVICES',1);
INSERT INTO STOCK_MASTER(ISIN_CODE,COMPANY_NAME,NSE_SYMBOL, BSE_CODE,SECTOR, IS_ACTIVE) VALUES ('INE877F01012','PTC India Ltd.','PTC','532524','ENERGY',1);
INSERT INTO STOCK_MASTER(ISIN_CODE,COMPANY_NAME,NSE_SYMBOL, BSE_CODE,SECTOR, IS_ACTIVE) VALUES ('INE191H01014','PVR Ltd.','PVR','532689','MEDIA & ENTERTAINMENT',1);
INSERT INTO STOCK_MASTER(ISIN_CODE,COMPANY_NAME,NSE_SYMBOL, BSE_CODE,SECTOR, IS_ACTIVE) VALUES ('INE761H01022','Page Industries Ltd.','PAGEIND','532827','TEXTILES',1);
INSERT INTO STOCK_MASTER(ISIN_CODE,COMPANY_NAME,NSE_SYMBOL, BSE_CODE,SECTOR, IS_ACTIVE) VALUES ('INE883N01014','Parag Milk Foods Ltd.','PARAGMILK','539889','CONSUMER GOODS',1);
INSERT INTO STOCK_MASTER(ISIN_CODE,COMPANY_NAME,NSE_SYMBOL, BSE_CODE,SECTOR, IS_ACTIVE) VALUES ('INE262H01013','Persistent Systems Ltd.','PERSISTENT','533179','IT',1);
INSERT INTO STOCK_MASTER(ISIN_CODE,COMPANY_NAME,NSE_SYMBOL, BSE_CODE,SECTOR, IS_ACTIVE) VALUES ('INE347G01014','Petronet LNG Ltd.','PETRONET','532522','ENERGY',1);
INSERT INTO STOCK_MASTER(ISIN_CODE,COMPANY_NAME,NSE_SYMBOL, BSE_CODE,SECTOR, IS_ACTIVE) VALUES ('INE182A01018','Pfizer Ltd.','PFIZER','500680','PHARMA',1);
INSERT INTO STOCK_MASTER(ISIN_CODE,COMPANY_NAME,NSE_SYMBOL, BSE_CODE,SECTOR, IS_ACTIVE) VALUES ('INE602A01023','Phillips Carbon Black Ltd.','PHILIPCARB','506590','CHEMICALS',1);
INSERT INTO STOCK_MASTER(ISIN_CODE,COMPANY_NAME,NSE_SYMBOL, BSE_CODE,SECTOR, IS_ACTIVE) VALUES ('INE211B01039','Phoenix Mills Ltd.','PHOENIXLTD','503100','CONSTRUCTION',1);
INSERT INTO STOCK_MASTER(ISIN_CODE,COMPANY_NAME,NSE_SYMBOL, BSE_CODE,SECTOR, IS_ACTIVE) VALUES ('INE318A01026','Pidilite Industries Ltd.','PIDILITIND','500331','CHEMICALS',1);
INSERT INTO STOCK_MASTER(ISIN_CODE,COMPANY_NAME,NSE_SYMBOL, BSE_CODE,SECTOR, IS_ACTIVE) VALUES ('INE140A01024','Piramal Enterprises Ltd.','PEL','500302','PHARMA',1);
INSERT INTO STOCK_MASTER(ISIN_CODE,COMPANY_NAME,NSE_SYMBOL, BSE_CODE,SECTOR, IS_ACTIVE) VALUES ('INE134E01011','Power Finance Corporation Ltd.','PFC','532810','FINANCIAL SERVICES',1);
INSERT INTO STOCK_MASTER(ISIN_CODE,COMPANY_NAME,NSE_SYMBOL, BSE_CODE,SECTOR, IS_ACTIVE) VALUES ('INE752E01010','Power Grid Corporation of India Ltd.','POWERGRID','532898','ENERGY',1);
INSERT INTO STOCK_MASTER(ISIN_CODE,COMPANY_NAME,NSE_SYMBOL, BSE_CODE,SECTOR, IS_ACTIVE) VALUES ('INE074A01025','Praj Industries Ltd.','PRAJIND','522205','INDUSTRIAL MANUFACTURING',1);
INSERT INTO STOCK_MASTER(ISIN_CODE,COMPANY_NAME,NSE_SYMBOL, BSE_CODE,SECTOR, IS_ACTIVE) VALUES ('INE811K01011','Prestige Estates Projects Ltd.','PRESTIGE','533274','CONSTRUCTION',1);
INSERT INTO STOCK_MASTER(ISIN_CODE,COMPANY_NAME,NSE_SYMBOL, BSE_CODE,SECTOR, IS_ACTIVE) VALUES ('INE010A01011','Prism Johnson Ltd.','PRSMJOHNSN','500338','CEMENT & CEMENT PRODUCTS',1);
INSERT INTO STOCK_MASTER(ISIN_CODE,COMPANY_NAME,NSE_SYMBOL, BSE_CODE,SECTOR, IS_ACTIVE) VALUES ('INE179A01014','Procter & Gamble Hygiene & Health Care Ltd.','PGHH','500459','CONSUMER GOODS',1);
INSERT INTO STOCK_MASTER(ISIN_CODE,COMPANY_NAME,NSE_SYMBOL, BSE_CODE,SECTOR, IS_ACTIVE) VALUES ('INE160A01022','Punjab National Bank','PNB','532461','FINANCIAL SERVICES',1);
INSERT INTO STOCK_MASTER(ISIN_CODE,COMPANY_NAME,NSE_SYMBOL, BSE_CODE,SECTOR, IS_ACTIVE) VALUES ('INE615P01015','Quess Corp Ltd.','QUESS','539978','SERVICES',1);
INSERT INTO STOCK_MASTER(ISIN_CODE,COMPANY_NAME,NSE_SYMBOL, BSE_CODE,SECTOR, IS_ACTIVE) VALUES ('INE976G01028','RBL Bank Ltd.','RBLBANK','540065','FINANCIAL SERVICES',1);
INSERT INTO STOCK_MASTER(ISIN_CODE,COMPANY_NAME,NSE_SYMBOL, BSE_CODE,SECTOR, IS_ACTIVE) VALUES ('INE944F01028','Radico Khaitan Ltd','RADICO','532497','CONSUMER GOODS',1);
INSERT INTO STOCK_MASTER(ISIN_CODE,COMPANY_NAME,NSE_SYMBOL, BSE_CODE,SECTOR, IS_ACTIVE) VALUES ('INE855B01025','Rain Industries Ltd','RAIN','500339','CHEMICALS',1);
INSERT INTO STOCK_MASTER(ISIN_CODE,COMPANY_NAME,NSE_SYMBOL, BSE_CODE,SECTOR, IS_ACTIVE) VALUES ('INE343B01030','Rajesh Exports Ltd.','RAJESHEXPO','531500','CONSUMER GOODS',1);
INSERT INTO STOCK_MASTER(ISIN_CODE,COMPANY_NAME,NSE_SYMBOL, BSE_CODE,SECTOR, IS_ACTIVE) VALUES ('INE613A01020','Rallis India Ltd.','RALLIS','500355','FERTILISERS & PESTICIDES',1);
INSERT INTO STOCK_MASTER(ISIN_CODE,COMPANY_NAME,NSE_SYMBOL, BSE_CODE,SECTOR, IS_ACTIVE) VALUES ('INE399G01015','Ramkrishna Forgings Ltd.','RKFORGE','532527','INDUSTRIAL MANUFACTURING',1);
INSERT INTO STOCK_MASTER(ISIN_CODE,COMPANY_NAME,NSE_SYMBOL, BSE_CODE,SECTOR, IS_ACTIVE) VALUES ('INE027A01015','Rashtriya Chemicals & Fertilizers Ltd.','RCF','524230','FERTILISERS & PESTICIDES',1);
INSERT INTO STOCK_MASTER(ISIN_CODE,COMPANY_NAME,NSE_SYMBOL, BSE_CODE,SECTOR, IS_ACTIVE) VALUES ('INE301A01014','Raymond Ltd.','RAYMOND','500330','TEXTILES',1);
INSERT INTO STOCK_MASTER(ISIN_CODE,COMPANY_NAME,NSE_SYMBOL, BSE_CODE,SECTOR, IS_ACTIVE) VALUES ('INE891D01026','Redington (India) Ltd.','REDINGTON','532805','SERVICES',1);
INSERT INTO STOCK_MASTER(ISIN_CODE,COMPANY_NAME,NSE_SYMBOL, BSE_CODE,SECTOR, IS_ACTIVE) VALUES ('INE131B01039','Relaxo Footwears Ltd.','RELAXO','530517','CONSUMER GOODS',1);
INSERT INTO STOCK_MASTER(ISIN_CODE,COMPANY_NAME,NSE_SYMBOL, BSE_CODE,SECTOR, IS_ACTIVE) VALUES ('INE013A01015','Reliance Capital Ltd.','RELCAPITAL','500111','FINANCIAL SERVICES',1);
INSERT INTO STOCK_MASTER(ISIN_CODE,COMPANY_NAME,NSE_SYMBOL, BSE_CODE,SECTOR, IS_ACTIVE) VALUES ('INE330H01018','Reliance Communications Ltd.','RCOM','532712','TELECOM',1);
INSERT INTO STOCK_MASTER(ISIN_CODE,COMPANY_NAME,NSE_SYMBOL, BSE_CODE,SECTOR, IS_ACTIVE) VALUES ('INE217K01011','Reliance Home Finance Ltd.','RHFL','540709','FINANCIAL SERVICES',1);
INSERT INTO STOCK_MASTER(ISIN_CODE,COMPANY_NAME,NSE_SYMBOL, BSE_CODE,SECTOR, IS_ACTIVE) VALUES ('INE002A01018','Reliance Industries Ltd.','RELIANCE','500325','ENERGY',1);
INSERT INTO STOCK_MASTER(ISIN_CODE,COMPANY_NAME,NSE_SYMBOL, BSE_CODE,SECTOR, IS_ACTIVE) VALUES ('INE036A01016','Reliance Infrastructure Ltd.','RELINFRA','500390','ENERGY',1);
INSERT INTO STOCK_MASTER(ISIN_CODE,COMPANY_NAME,NSE_SYMBOL, BSE_CODE,SECTOR, IS_ACTIVE) VALUES ('INE542F01012','Reliance Naval and Engineering Ltd.','RNAVAL','533107','INDUSTRIAL MANUFACTURING',1);
INSERT INTO STOCK_MASTER(ISIN_CODE,COMPANY_NAME,NSE_SYMBOL, BSE_CODE,SECTOR, IS_ACTIVE) VALUES ('INE298J01013','Reliance Nippon Life Asset Management Ltd.','RNAM','540767','FINANCIAL SERVICES',1);
INSERT INTO STOCK_MASTER(ISIN_CODE,COMPANY_NAME,NSE_SYMBOL, BSE_CODE,SECTOR, IS_ACTIVE) VALUES ('INE614G01033','Reliance Power Ltd.','RPOWER','532939','ENERGY',1);
INSERT INTO STOCK_MASTER(ISIN_CODE,COMPANY_NAME,NSE_SYMBOL, BSE_CODE,SECTOR, IS_ACTIVE) VALUES ('INE612J01015','Repco Home Finance Ltd.','REPCOHOME','535322','FINANCIAL SERVICES',1);
INSERT INTO STOCK_MASTER(ISIN_CODE,COMPANY_NAME,NSE_SYMBOL, BSE_CODE,SECTOR, IS_ACTIVE) VALUES ('INE895B01021','Rupa & Company Ltd.','RUPA','533552','TEXTILES',1);
INSERT INTO STOCK_MASTER(ISIN_CODE,COMPANY_NAME,NSE_SYMBOL, BSE_CODE,SECTOR, IS_ACTIVE) VALUES ('INE020B01018','Rural Electrification Corporation Ltd.','RECLTD','532955','FINANCIAL SERVICES',1);
INSERT INTO STOCK_MASTER(ISIN_CODE,COMPANY_NAME,NSE_SYMBOL, BSE_CODE,SECTOR, IS_ACTIVE) VALUES ('INE500L01026','S H Kelkar and Company Ltd.','SHK','539450','CONSUMER GOODS',1);
INSERT INTO STOCK_MASTER(ISIN_CODE,COMPANY_NAME,NSE_SYMBOL, BSE_CODE,SECTOR, IS_ACTIVE) VALUES ('INE123W01016','SBI Life Insurance Company Ltd.','SBILIFE','540719','FINANCIAL SERVICES',1);
INSERT INTO STOCK_MASTER(ISIN_CODE,COMPANY_NAME,NSE_SYMBOL, BSE_CODE,SECTOR, IS_ACTIVE) VALUES ('INE002L01015','SJVN Ltd.','SJVN','533206','ENERGY',1);
INSERT INTO STOCK_MASTER(ISIN_CODE,COMPANY_NAME,NSE_SYMBOL, BSE_CODE,SECTOR, IS_ACTIVE) VALUES ('INE640A01023','SKF India Ltd.','SKFINDIA','500472','INDUSTRIAL MANUFACTURING',1);
INSERT INTO STOCK_MASTER(ISIN_CODE,COMPANY_NAME,NSE_SYMBOL, BSE_CODE,SECTOR, IS_ACTIVE) VALUES ('INE872A01014','SREI Infrastructure Finance Ltd.','SREINFRA','523756','FINANCIAL SERVICES',1);
INSERT INTO STOCK_MASTER(ISIN_CODE,COMPANY_NAME,NSE_SYMBOL, BSE_CODE,SECTOR, IS_ACTIVE) VALUES ('INE647A01010','SRF Ltd.','SRF','503806','TEXTILES',1);
INSERT INTO STOCK_MASTER(ISIN_CODE,COMPANY_NAME,NSE_SYMBOL, BSE_CODE,SECTOR, IS_ACTIVE) VALUES ('INE226H01026','Sadbhav Engineering Ltd.','SADBHAV','532710','CONSTRUCTION',1);
INSERT INTO STOCK_MASTER(ISIN_CODE,COMPANY_NAME,NSE_SYMBOL, BSE_CODE,SECTOR, IS_ACTIVE) VALUES ('INE764L01010','Sadbhav Infrastructure Project Ltd.','SADBHIN','539346','CONSTRUCTION',1);
INSERT INTO STOCK_MASTER(ISIN_CODE,COMPANY_NAME,NSE_SYMBOL, BSE_CODE,SECTOR, IS_ACTIVE) VALUES ('INE058A01010','Sanofi India Ltd.','SANOFI','500674','PHARMA',1);
INSERT INTO STOCK_MASTER(ISIN_CODE,COMPANY_NAME,NSE_SYMBOL, BSE_CODE,SECTOR, IS_ACTIVE) VALUES ('INE513A01014','Schaeffler India Ltd.','SCHAEFFLER','505790','INDUSTRIAL MANUFACTURING',1);
INSERT INTO STOCK_MASTER(ISIN_CODE,COMPANY_NAME,NSE_SYMBOL, BSE_CODE,SECTOR, IS_ACTIVE) VALUES ('INE285J01010','Security and Intelligence Services (India) Ltd.','SIS','540673','SERVICES',1);
INSERT INTO STOCK_MASTER(ISIN_CODE,COMPANY_NAME,NSE_SYMBOL, BSE_CODE,SECTOR, IS_ACTIVE) VALUES ('INE274V01019','Shankara Building Products Ltd.','SHANKARA','540425','METALS',1);
INSERT INTO STOCK_MASTER(ISIN_CODE,COMPANY_NAME,NSE_SYMBOL, BSE_CODE,SECTOR, IS_ACTIVE) VALUES ('INE790G01031','Shilpa Medicare Ltd.','SHILPAMED','530549','PHARMA',1);
INSERT INTO STOCK_MASTER(ISIN_CODE,COMPANY_NAME,NSE_SYMBOL, BSE_CODE,SECTOR, IS_ACTIVE) VALUES ('INE109A01011','Shipping Corporation of India Ltd.','SCI','523598','SERVICES',1);
INSERT INTO STOCK_MASTER(ISIN_CODE,COMPANY_NAME,NSE_SYMBOL, BSE_CODE,SECTOR, IS_ACTIVE) VALUES ('INE498B01024','Shoppers Stop Ltd.','SHOPERSTOP','532638','CONSUMER GOODS',1);
INSERT INTO STOCK_MASTER(ISIN_CODE,COMPANY_NAME,NSE_SYMBOL, BSE_CODE,SECTOR, IS_ACTIVE) VALUES ('INE070A01015','Shree Cement Ltd.','SHREECEM','500387','CEMENT & CEMENT PRODUCTS',1);
INSERT INTO STOCK_MASTER(ISIN_CODE,COMPANY_NAME,NSE_SYMBOL, BSE_CODE,SECTOR, IS_ACTIVE) VALUES ('INE087H01022','Shree Renuka Sugars Ltd.','RENUKA','532670','CONSUMER GOODS',1);
INSERT INTO STOCK_MASTER(ISIN_CODE,COMPANY_NAME,NSE_SYMBOL, BSE_CODE,SECTOR, IS_ACTIVE) VALUES ('INE722A01011','Shriram City Union Finance Ltd.','SHRIRAMCIT','532498','FINANCIAL SERVICES',1);
INSERT INTO STOCK_MASTER(ISIN_CODE,COMPANY_NAME,NSE_SYMBOL, BSE_CODE,SECTOR, IS_ACTIVE) VALUES ('INE721A01013','Shriram Transport Finance Co. Ltd.','SRTRANSFIN','511218','FINANCIAL SERVICES',1);
INSERT INTO STOCK_MASTER(ISIN_CODE,COMPANY_NAME,NSE_SYMBOL, BSE_CODE,SECTOR, IS_ACTIVE) VALUES ('INE003A01024','Siemens Ltd.','SIEMENS','500550','INDUSTRIAL MANUFACTURING',1);
INSERT INTO STOCK_MASTER(ISIN_CODE,COMPANY_NAME,NSE_SYMBOL, BSE_CODE,SECTOR, IS_ACTIVE) VALUES ('INE501W01021','Sintex Plastics Technology Ltd.','SPTL','540653','INDUSTRIAL MANUFACTURING',1);
INSERT INTO STOCK_MASTER(ISIN_CODE,COMPANY_NAME,NSE_SYMBOL, BSE_CODE,SECTOR, IS_ACTIVE) VALUES ('INE671H01015','Sobha Ltd.','SOBHA','532784','CONSTRUCTION',1);
INSERT INTO STOCK_MASTER(ISIN_CODE,COMPANY_NAME,NSE_SYMBOL, BSE_CODE,SECTOR, IS_ACTIVE) VALUES ('INE343H01029','Solar Industries India Ltd.','SOLARINDS','532725','CHEMICALS',1);
INSERT INTO STOCK_MASTER(ISIN_CODE,COMPANY_NAME,NSE_SYMBOL, BSE_CODE,SECTOR, IS_ACTIVE) VALUES ('INE269A01021','Sonata Software Ltd.','SONATSOFTW','532221','IT',1);
INSERT INTO STOCK_MASTER(ISIN_CODE,COMPANY_NAME,NSE_SYMBOL, BSE_CODE,SECTOR, IS_ACTIVE) VALUES ('INE683A01023','South Indian Bank Ltd.','SOUTHBANK','532218','FINANCIAL SERVICES',1);
INSERT INTO STOCK_MASTER(ISIN_CODE,COMPANY_NAME,NSE_SYMBOL, BSE_CODE,SECTOR, IS_ACTIVE) VALUES ('INE460H01021','Star Cement Ltd.','STARCEMENT','540575','CEMENT & CEMENT PRODUCTS',1);
INSERT INTO STOCK_MASTER(ISIN_CODE,COMPANY_NAME,NSE_SYMBOL, BSE_CODE,SECTOR, IS_ACTIVE) VALUES ('INE062A01020','State Bank of India','SBIN','500112','FINANCIAL SERVICES',1);
INSERT INTO STOCK_MASTER(ISIN_CODE,COMPANY_NAME,NSE_SYMBOL, BSE_CODE,SECTOR, IS_ACTIVE) VALUES ('INE114A01011','Steel Authority of India Ltd.','SAIL','500113','METALS',1);
INSERT INTO STOCK_MASTER(ISIN_CODE,COMPANY_NAME,NSE_SYMBOL, BSE_CODE,SECTOR, IS_ACTIVE) VALUES ('INE089C01029','Sterlite Technologies Ltd.','STRTECH','532374','TELECOM',1);
INSERT INTO STOCK_MASTER(ISIN_CODE,COMPANY_NAME,NSE_SYMBOL, BSE_CODE,SECTOR, IS_ACTIVE) VALUES ('INE939A01011','Strides Pharma Science Ltd.','STAR','532531','PHARMA',1);
INSERT INTO STOCK_MASTER(ISIN_CODE,COMPANY_NAME,NSE_SYMBOL, BSE_CODE,SECTOR, IS_ACTIVE) VALUES ('INE659A01023','Sudarshan Chemical Industries Ltd.','SUDARSCHEM','506655','CHEMICALS',1);
INSERT INTO STOCK_MASTER(ISIN_CODE,COMPANY_NAME,NSE_SYMBOL, BSE_CODE,SECTOR, IS_ACTIVE) VALUES ('INE232I01014','Sun Pharma Advanced Research Company Ltd.','SPARC','532872','PHARMA',1);
INSERT INTO STOCK_MASTER(ISIN_CODE,COMPANY_NAME,NSE_SYMBOL, BSE_CODE,SECTOR, IS_ACTIVE) VALUES ('INE044A01036','Sun Pharmaceutical Industries Ltd.','SUNPHARMA','524715','PHARMA',1);
INSERT INTO STOCK_MASTER(ISIN_CODE,COMPANY_NAME,NSE_SYMBOL, BSE_CODE,SECTOR, IS_ACTIVE) VALUES ('INE424H01027','Sun TV Network Ltd.','SUNTV','532733','MEDIA & ENTERTAINMENT',1);
INSERT INTO STOCK_MASTER(ISIN_CODE,COMPANY_NAME,NSE_SYMBOL, BSE_CODE,SECTOR, IS_ACTIVE) VALUES ('INE660A01013','Sundaram Finance Ltd.','SUNDARMFIN','590071','FINANCIAL SERVICES',1);
INSERT INTO STOCK_MASTER(ISIN_CODE,COMPANY_NAME,NSE_SYMBOL, BSE_CODE,SECTOR, IS_ACTIVE) VALUES ('INE387A01021','Sundram Fasteners Ltd.','SUNDRMFAST','500403','AUTOMOBILE',1);
INSERT INTO STOCK_MASTER(ISIN_CODE,COMPANY_NAME,NSE_SYMBOL, BSE_CODE,SECTOR, IS_ACTIVE) VALUES ('INE805D01034','Sunteck Realty Ltd.','SUNTECK','512179','CONSTRUCTION',1);
INSERT INTO STOCK_MASTER(ISIN_CODE,COMPANY_NAME,NSE_SYMBOL, BSE_CODE,SECTOR, IS_ACTIVE) VALUES ('INE195A01028','Supreme Industries Ltd.','SUPREMEIND','509930','INDUSTRIAL MANUFACTURING',1);
INSERT INTO STOCK_MASTER(ISIN_CODE,COMPANY_NAME,NSE_SYMBOL, BSE_CODE,SECTOR, IS_ACTIVE) VALUES ('INE495B01038','Suven Life Sciences Ltd.','SUVEN','530239','PHARMA',1);
INSERT INTO STOCK_MASTER(ISIN_CODE,COMPANY_NAME,NSE_SYMBOL, BSE_CODE,SECTOR, IS_ACTIVE) VALUES ('INE040H01021','Suzlon Energy Ltd.','SUZLON','532667','INDUSTRIAL MANUFACTURING',1);
INSERT INTO STOCK_MASTER(ISIN_CODE,COMPANY_NAME,NSE_SYMBOL, BSE_CODE,SECTOR, IS_ACTIVE) VALUES ('INE665A01038','Swan Energy Ltd.','SWANENERGY','503310','TEXTILES',1);
INSERT INTO STOCK_MASTER(ISIN_CODE,COMPANY_NAME,NSE_SYMBOL, BSE_CODE,SECTOR, IS_ACTIVE) VALUES ('INE225D01027','Symphony Ltd.','SYMPHONY','517385','CONSUMER GOODS',1);
INSERT INTO STOCK_MASTER(ISIN_CODE,COMPANY_NAME,NSE_SYMBOL, BSE_CODE,SECTOR, IS_ACTIVE) VALUES ('INE667A01018','Syndicate Bank','SYNDIBANK','532276','FINANCIAL SERVICES',1);
INSERT INTO STOCK_MASTER(ISIN_CODE,COMPANY_NAME,NSE_SYMBOL, BSE_CODE,SECTOR, IS_ACTIVE) VALUES ('INE398R01022','Syngene International Ltd.','SYNGENE','539268','PHARMA',1);
INSERT INTO STOCK_MASTER(ISIN_CODE,COMPANY_NAME,NSE_SYMBOL, BSE_CODE,SECTOR, IS_ACTIVE) VALUES ('INE149A01033','TI Financial Holdings Ltd.','TIFIN','504973','FINANCIAL SERVICES',1);
INSERT INTO STOCK_MASTER(ISIN_CODE,COMPANY_NAME,NSE_SYMBOL, BSE_CODE,SECTOR, IS_ACTIVE) VALUES ('INE690A01010','TTK Prestige Ltd.','TTKPRESTIG','517506','CONSUMER GOODS',1);
INSERT INTO STOCK_MASTER(ISIN_CODE,COMPANY_NAME,NSE_SYMBOL, BSE_CODE,SECTOR, IS_ACTIVE) VALUES ('INE038F01029','TV Today Network Ltd.','TVTODAY','532515','MEDIA & ENTERTAINMENT',1);
INSERT INTO STOCK_MASTER(ISIN_CODE,COMPANY_NAME,NSE_SYMBOL, BSE_CODE,SECTOR, IS_ACTIVE) VALUES ('INE886H01027','TV18 Broadcast Ltd.','TV18BRDCST','532800','MEDIA & ENTERTAINMENT',1);
INSERT INTO STOCK_MASTER(ISIN_CODE,COMPANY_NAME,NSE_SYMBOL, BSE_CODE,SECTOR, IS_ACTIVE) VALUES ('INE494B01023','TVS Motor Company Ltd.','TVSMOTOR','532343','AUTOMOBILE',1);
INSERT INTO STOCK_MASTER(ISIN_CODE,COMPANY_NAME,NSE_SYMBOL, BSE_CODE,SECTOR, IS_ACTIVE) VALUES ('INE421C01016','TVS Srichakra Ltd.','TVSSRICHAK','509243','AUTOMOBILE',1);
INSERT INTO STOCK_MASTER(ISIN_CODE,COMPANY_NAME,NSE_SYMBOL, BSE_CODE,SECTOR, IS_ACTIVE) VALUES ('INE142I01023','Take Solutions Ltd.','TAKE','532890','IT',1);
INSERT INTO STOCK_MASTER(ISIN_CODE,COMPANY_NAME,NSE_SYMBOL, BSE_CODE,SECTOR, IS_ACTIVE) VALUES ('INE107A01015','Tamil Nadu Newsprint & Papers Ltd.','TNPL','531426','PAPER',1);
INSERT INTO STOCK_MASTER(ISIN_CODE,COMPANY_NAME,NSE_SYMBOL, BSE_CODE,SECTOR, IS_ACTIVE) VALUES ('INE092A01019','Tata Chemicals Ltd.','TATACHEM','500770','CHEMICALS',1);
INSERT INTO STOCK_MASTER(ISIN_CODE,COMPANY_NAME,NSE_SYMBOL, BSE_CODE,SECTOR, IS_ACTIVE) VALUES ('INE493A01027','Tata Coffee Ltd.','TATACOFFEE','532301','CONSUMER GOODS',1);
INSERT INTO STOCK_MASTER(ISIN_CODE,COMPANY_NAME,NSE_SYMBOL, BSE_CODE,SECTOR, IS_ACTIVE) VALUES ('INE467B01029','Tata Consultancy Services Ltd.','TCS','532540','IT',1);
INSERT INTO STOCK_MASTER(ISIN_CODE,COMPANY_NAME,NSE_SYMBOL, BSE_CODE,SECTOR, IS_ACTIVE) VALUES ('INE670A01012','Tata Elxsi Ltd.','TATAELXSI','500408','IT',1);
INSERT INTO STOCK_MASTER(ISIN_CODE,COMPANY_NAME,NSE_SYMBOL, BSE_CODE,SECTOR, IS_ACTIVE) VALUES ('INE192A01025','Tata Global Beverages Ltd.','TATAGLOBAL','500800','CONSUMER GOODS',1);
INSERT INTO STOCK_MASTER(ISIN_CODE,COMPANY_NAME,NSE_SYMBOL, BSE_CODE,SECTOR, IS_ACTIVE) VALUES ('INE672A01018','Tata Investment Corporation Ltd.','TATAINVEST','501301','FINANCIAL SERVICES',1);
INSERT INTO STOCK_MASTER(ISIN_CODE,COMPANY_NAME,NSE_SYMBOL, BSE_CODE,SECTOR, IS_ACTIVE) VALUES ('IN9155A01020','Tata Motors Ltd DVR','TATAMTRDVR','570001','AUTOMOBILE',1);
INSERT INTO STOCK_MASTER(ISIN_CODE,COMPANY_NAME,NSE_SYMBOL, BSE_CODE,SECTOR, IS_ACTIVE) VALUES ('INE155A01022','Tata Motors Ltd.','TATAMOTORS','500570','AUTOMOBILE',1);
INSERT INTO STOCK_MASTER(ISIN_CODE,COMPANY_NAME,NSE_SYMBOL, BSE_CODE,SECTOR, IS_ACTIVE) VALUES ('INE245A01021','Tata Power Co. Ltd.','TATAPOWER','500400','ENERGY',1);
INSERT INTO STOCK_MASTER(ISIN_CODE,COMPANY_NAME,NSE_SYMBOL, BSE_CODE,SECTOR, IS_ACTIVE) VALUES ('INE674A01014','Tata Sponge Iron Ltd.','TATASPONGE','513010','METALS',1);
INSERT INTO STOCK_MASTER(ISIN_CODE,COMPANY_NAME,NSE_SYMBOL, BSE_CODE,SECTOR, IS_ACTIVE) VALUES ('INE081A01012','Tata Steel Ltd.','TATASTEEL','500470','METALS',1);
INSERT INTO STOCK_MASTER(ISIN_CODE,COMPANY_NAME,NSE_SYMBOL, BSE_CODE,SECTOR, IS_ACTIVE) VALUES ('INE985S01024','Teamlease Services Ltd.','TEAMLEASE','539658','SERVICES',1);
INSERT INTO STOCK_MASTER(ISIN_CODE,COMPANY_NAME,NSE_SYMBOL, BSE_CODE,SECTOR, IS_ACTIVE) VALUES ('INE669C01036','Tech Mahindra Ltd.','TECHM','532755','IT',1);
INSERT INTO STOCK_MASTER(ISIN_CODE,COMPANY_NAME,NSE_SYMBOL, BSE_CODE,SECTOR, IS_ACTIVE) VALUES ('INE621L01012','Texmaco Rail & Eng. Ltd.','TEXRAIL','533326','INDUSTRIAL MANUFACTURING',1);
INSERT INTO STOCK_MASTER(ISIN_CODE,COMPANY_NAME,NSE_SYMBOL, BSE_CODE,SECTOR, IS_ACTIVE) VALUES ('INE470Y01017','The New India Assurance Company Ltd.','NIACL','540769','FINANCIAL SERVICES',1);
INSERT INTO STOCK_MASTER(ISIN_CODE,COMPANY_NAME,NSE_SYMBOL, BSE_CODE,SECTOR, IS_ACTIVE) VALUES ('INE331A01037','The Ramco Cements Ltd.','RAMCOCEM','500260','CEMENT & CEMENT PRODUCTS',1);
INSERT INTO STOCK_MASTER(ISIN_CODE,COMPANY_NAME,NSE_SYMBOL, BSE_CODE,SECTOR, IS_ACTIVE) VALUES ('INE152A01029','Thermax Ltd.','THERMAX','500411','INDUSTRIAL MANUFACTURING',1);
INSERT INTO STOCK_MASTER(ISIN_CODE,COMPANY_NAME,NSE_SYMBOL, BSE_CODE,SECTOR, IS_ACTIVE) VALUES ('INE332A01027','Thomas Cook (India) Ltd.','THOMASCOOK','500413','SERVICES',1);
INSERT INTO STOCK_MASTER(ISIN_CODE,COMPANY_NAME,NSE_SYMBOL, BSE_CODE,SECTOR, IS_ACTIVE) VALUES ('INE594H01019','Thyrocare Technologies Ltd.','THYROCARE','539871','HEALTHCARE SERVICES',1);
INSERT INTO STOCK_MASTER(ISIN_CODE,COMPANY_NAME,NSE_SYMBOL, BSE_CODE,SECTOR, IS_ACTIVE) VALUES ('INE508G01029','Time Technoplast Ltd.','TIMETECHNO','532856','INDUSTRIAL MANUFACTURING',1);
INSERT INTO STOCK_MASTER(ISIN_CODE,COMPANY_NAME,NSE_SYMBOL, BSE_CODE,SECTOR, IS_ACTIVE) VALUES ('INE325A01013','Timken India Ltd.','TIMKEN','522113','INDUSTRIAL MANUFACTURING',1);
INSERT INTO STOCK_MASTER(ISIN_CODE,COMPANY_NAME,NSE_SYMBOL, BSE_CODE,SECTOR, IS_ACTIVE) VALUES ('INE280A01028','Titan Company Ltd.','TITAN','500114','CONSUMER GOODS',1);
INSERT INTO STOCK_MASTER(ISIN_CODE,COMPANY_NAME,NSE_SYMBOL, BSE_CODE,SECTOR, IS_ACTIVE) VALUES ('INE685A01028','Torrent Pharmaceuticals Ltd.','TORNTPHARM','500420','PHARMA',1);
INSERT INTO STOCK_MASTER(ISIN_CODE,COMPANY_NAME,NSE_SYMBOL, BSE_CODE,SECTOR, IS_ACTIVE) VALUES ('INE813H01021','Torrent Power Ltd.','TORNTPOWER','532779','ENERGY',1);
INSERT INTO STOCK_MASTER(ISIN_CODE,COMPANY_NAME,NSE_SYMBOL, BSE_CODE,SECTOR, IS_ACTIVE) VALUES ('INE849A01020','Trent Ltd.','TRENT','500251','CONSUMER GOODS',1);
INSERT INTO STOCK_MASTER(ISIN_CODE,COMPANY_NAME,NSE_SYMBOL, BSE_CODE,SECTOR, IS_ACTIVE) VALUES ('INE064C01014','Trident Ltd.','TRIDENT','521064','TEXTILES',1);
INSERT INTO STOCK_MASTER(ISIN_CODE,COMPANY_NAME,NSE_SYMBOL, BSE_CODE,SECTOR, IS_ACTIVE) VALUES ('INE974X01010','Tube Investments of India Ltd.','TIINDIA','540762','AUTOMOBILE',1);
INSERT INTO STOCK_MASTER(ISIN_CODE,COMPANY_NAME,NSE_SYMBOL, BSE_CODE,SECTOR, IS_ACTIVE) VALUES ('INE691A01018','UCO Bank','UCOBANK','532505','FINANCIAL SERVICES',1);
INSERT INTO STOCK_MASTER(ISIN_CODE,COMPANY_NAME,NSE_SYMBOL, BSE_CODE,SECTOR, IS_ACTIVE) VALUES ('INE516A01017','UFLEX Ltd.','UFLEX','500148','INDUSTRIAL MANUFACTURING',1);
INSERT INTO STOCK_MASTER(ISIN_CODE,COMPANY_NAME,NSE_SYMBOL, BSE_CODE,SECTOR, IS_ACTIVE) VALUES ('INE628A01036','UPL Ltd.','UPL','512070','FERTILISERS & PESTICIDES',1);
INSERT INTO STOCK_MASTER(ISIN_CODE,COMPANY_NAME,NSE_SYMBOL, BSE_CODE,SECTOR, IS_ACTIVE) VALUES ('INE334L01012','Ujjivan Financial Services Ltd.','UJJIVAN','539874','FINANCIAL SERVICES',1);
INSERT INTO STOCK_MASTER(ISIN_CODE,COMPANY_NAME,NSE_SYMBOL, BSE_CODE,SECTOR, IS_ACTIVE) VALUES ('INE481G01011','UltraTech Cement Ltd.','ULTRACEMCO','532538','CEMENT & CEMENT PRODUCTS',1);
INSERT INTO STOCK_MASTER(ISIN_CODE,COMPANY_NAME,NSE_SYMBOL, BSE_CODE,SECTOR, IS_ACTIVE) VALUES ('INE351A01035','Unichem Laboratories Ltd.','UNICHEMLAB','506690','PHARMA',1);
INSERT INTO STOCK_MASTER(ISIN_CODE,COMPANY_NAME,NSE_SYMBOL, BSE_CODE,SECTOR, IS_ACTIVE) VALUES ('INE692A01016','Union Bank of India','UNIONBANK','532477','FINANCIAL SERVICES',1);
INSERT INTO STOCK_MASTER(ISIN_CODE,COMPANY_NAME,NSE_SYMBOL, BSE_CODE,SECTOR, IS_ACTIVE) VALUES ('INE686F01025','United Breweries Ltd.','UBL','532478','CONSUMER GOODS',1);
INSERT INTO STOCK_MASTER(ISIN_CODE,COMPANY_NAME,NSE_SYMBOL, BSE_CODE,SECTOR, IS_ACTIVE) VALUES ('INE854D01024','United Spirits Ltd.','MCDOWELL-N','532432','CONSUMER GOODS',1);
INSERT INTO STOCK_MASTER(ISIN_CODE,COMPANY_NAME,NSE_SYMBOL, BSE_CODE,SECTOR, IS_ACTIVE) VALUES ('INE951I01027','V-Guard Industries Ltd.','VGUARD','532953','INDUSTRIAL MANUFACTURING',1);
INSERT INTO STOCK_MASTER(ISIN_CODE,COMPANY_NAME,NSE_SYMBOL, BSE_CODE,SECTOR, IS_ACTIVE) VALUES ('INE665J01013','V-Mart Retail Ltd.','VMART','534976','CONSUMER GOODS',1);
INSERT INTO STOCK_MASTER(ISIN_CODE,COMPANY_NAME,NSE_SYMBOL, BSE_CODE,SECTOR, IS_ACTIVE) VALUES ('INE054A01027','V.I.P. Industries Ltd.','VIPIND','507880','CONSUMER GOODS',1);
INSERT INTO STOCK_MASTER(ISIN_CODE,COMPANY_NAME,NSE_SYMBOL, BSE_CODE,SECTOR, IS_ACTIVE) VALUES ('INE366I01010','VRL Logistics Ltd.','VRLLOG','539118','SERVICES',1);
INSERT INTO STOCK_MASTER(ISIN_CODE,COMPANY_NAME,NSE_SYMBOL, BSE_CODE,SECTOR, IS_ACTIVE) VALUES ('INE956G01038','Va Tech Wabag Ltd.','WABAG','533269','SERVICES',1);
INSERT INTO STOCK_MASTER(ISIN_CODE,COMPANY_NAME,NSE_SYMBOL, BSE_CODE,SECTOR, IS_ACTIVE) VALUES ('INE051B01021','Vakrangee Ltd.','VAKRANGEE','511431','IT',1);
INSERT INTO STOCK_MASTER(ISIN_CODE,COMPANY_NAME,NSE_SYMBOL, BSE_CODE,SECTOR, IS_ACTIVE) VALUES ('INE825A01012','Vardhman Textiles Ltd.','VTL','502986','TEXTILES',1);
INSERT INTO STOCK_MASTER(ISIN_CODE,COMPANY_NAME,NSE_SYMBOL, BSE_CODE,SECTOR, IS_ACTIVE) VALUES ('INE200M01013','Varun Beverages Ltd.','VBL','540180','CONSUMER GOODS',1);
INSERT INTO STOCK_MASTER(ISIN_CODE,COMPANY_NAME,NSE_SYMBOL, BSE_CODE,SECTOR, IS_ACTIVE) VALUES ('INE205A01025','Vedanta Ltd.','VEDL','500295','METALS',1);
INSERT INTO STOCK_MASTER(ISIN_CODE,COMPANY_NAME,NSE_SYMBOL, BSE_CODE,SECTOR, IS_ACTIVE) VALUES ('INE398A01010','Venky''s (India) Ltd.','VENKEYS','523261','CONSUMER GOODS',1);
INSERT INTO STOCK_MASTER(ISIN_CODE,COMPANY_NAME,NSE_SYMBOL, BSE_CODE,SECTOR, IS_ACTIVE) VALUES ('INE705A01016','Vijaya Bank','VIJAYABANK','532401','FINANCIAL SERVICES',1);
INSERT INTO STOCK_MASTER(ISIN_CODE,COMPANY_NAME,NSE_SYMBOL, BSE_CODE,SECTOR, IS_ACTIVE) VALUES ('INE410B01029','Vinati Organics Ltd.','VINATIORGA','524200','CHEMICALS',1);
INSERT INTO STOCK_MASTER(ISIN_CODE,COMPANY_NAME,NSE_SYMBOL, BSE_CODE,SECTOR, IS_ACTIVE) VALUES ('INE669E01016','Vodafone Idea Ltd.','IDEA','532822','TELECOM',1);
INSERT INTO STOCK_MASTER(ISIN_CODE,COMPANY_NAME,NSE_SYMBOL, BSE_CODE,SECTOR, IS_ACTIVE) VALUES ('INE226A01021','Voltas Ltd.','VOLTAS','500575','CONSTRUCTION',1);
INSERT INTO STOCK_MASTER(ISIN_CODE,COMPANY_NAME,NSE_SYMBOL, BSE_CODE,SECTOR, IS_ACTIVE) VALUES ('INE342J01019','WABCO India Ltd.','WABCOINDIA','533023','AUTOMOBILE',1);
INSERT INTO STOCK_MASTER(ISIN_CODE,COMPANY_NAME,NSE_SYMBOL, BSE_CODE,SECTOR, IS_ACTIVE) VALUES ('INE191B01025','Welspun Corp Ltd.','WELCORP','532144','METALS',1);
INSERT INTO STOCK_MASTER(ISIN_CODE,COMPANY_NAME,NSE_SYMBOL, BSE_CODE,SECTOR, IS_ACTIVE) VALUES ('INE192B01031','Welspun India Ltd.','WELSPUNIND','514162','TEXTILES',1);
INSERT INTO STOCK_MASTER(ISIN_CODE,COMPANY_NAME,NSE_SYMBOL, BSE_CODE,SECTOR, IS_ACTIVE) VALUES ('INE716A01013','Whirlpool of India Ltd.','WHIRLPOOL','500238','CONSUMER GOODS',1);
INSERT INTO STOCK_MASTER(ISIN_CODE,COMPANY_NAME,NSE_SYMBOL, BSE_CODE,SECTOR, IS_ACTIVE) VALUES ('INE075A01022','Wipro Ltd.','WIPRO','507685','IT',1);
INSERT INTO STOCK_MASTER(ISIN_CODE,COMPANY_NAME,NSE_SYMBOL, BSE_CODE,SECTOR, IS_ACTIVE) VALUES ('INE049B01025','Wockhardt Ltd.','WOCKPHARMA','532300','PHARMA',1);
INSERT INTO STOCK_MASTER(ISIN_CODE,COMPANY_NAME,NSE_SYMBOL, BSE_CODE,SECTOR, IS_ACTIVE) VALUES ('INE528G01027','Yes Bank Ltd.','YESBANK','532648','FINANCIAL SERVICES',1);
INSERT INTO STOCK_MASTER(ISIN_CODE,COMPANY_NAME,NSE_SYMBOL, BSE_CODE,SECTOR, IS_ACTIVE) VALUES ('INE256A01028','Zee Entertainment Enterprises Ltd.','ZEEL','505537','MEDIA & ENTERTAINMENT',1);
INSERT INTO STOCK_MASTER(ISIN_CODE,COMPANY_NAME,NSE_SYMBOL, BSE_CODE,SECTOR, IS_ACTIVE) VALUES ('INE520A01027','Zensar Technolgies Ltd.','ZENSARTECH','504067','IT',1);
INSERT INTO STOCK_MASTER(ISIN_CODE,COMPANY_NAME,NSE_SYMBOL, BSE_CODE,SECTOR, IS_ACTIVE) VALUES ('INE768C01010','Zydus Wellness Ltd.','ZYDUSWELL','531335','CONSUMER GOODS',1);
INSERT INTO STOCK_MASTER(ISIN_CODE,COMPANY_NAME,NSE_SYMBOL, BSE_CODE,SECTOR, IS_ACTIVE) VALUES ('INE738I01010','eClerx Services Ltd.','ECLERX','532927','IT',1);


INSERT INTO TAX_MASTER(SECURITY_TXN_TAX, STAMP_DUTY, NSE_TXN_CHARGE, BSE_TXN_CHARGE, SEBI_TURNOVER_FEE, GST) VALUES (0.10, 0.01, 0.0031, 0.0035, 0.0001, 18.00);
*/

